ግዕዝ ,ትግርኛ 
ሀትሂላ,መዝሙር
ሀሙዒዳ,ዕድመ፡ ምሳሕ (ድግስ)
ሀይከል,ኣዳራሽ፡ ስም ሰበይቲ
ሀገሪት,መበቈል ዓዲ
ሄንባሩ,ውሻጠ
ህድመት,ትኽስ (ድቃስ)
ለስድ,ሓድሽ ልኻይ
ለንጽ,ግርምብያለ (ቤዛ ልብስ)
ሊቶስጥራ,ወጸቓ (መስፍሕ)
ላሕሎ,ከርፈስ
ላዕላዕ/ ለታት,ኰርታዕ፡ ባእባእ
ሌዋታን,ገበል ባሕሪ
ልበ እብን,ጨካን
ልጕን/ ልኵትንት,ቁራዕ
ልገት,ኣጕዶ፡ ሓለዋ ተኽሊ
ልግነት,ገዓት
ሐምለ ቅብእ,ሓምሊ ብርንሃዮ
ሐምለ ብኂእ,ስልጆ
ሐሠር,ሓሠር
ሐረፋ,ሓምሊ ኣድሪ
ሓሪፎት,ትምትሞ (ጸብሒ)
ሐሴን,ሽሶ፡ መራሕ ማይ
ሐሳይን,ሽሾታት፡ መራሕቲ ማይ
ሐብል,ገመድ
ሐንሐን,ሰርኖ ኣፍንጫ
ሐንዘር,ጭራ
ሐንዘር,ቅንፍዝ
ሐንዘር,ሐሰማ
ሐንጶን,ጠበቕ
ሐንጶን,ምንጭልቝት
ሐንጶን,ሕንጅጅ
ሐኖት,ዕዳጋ ሥጋ
ሐኖት,ቤት መስተ
ሐዊሳ,ደሐንዶ ውዒልካ፧
ሐይመት,ድንኳን
ሐፍ,ረሃጽ
ሔለይ,ጎብየ
ሔሌኔዎቱ,ኣዳራሽ
ሔንቄ,ቁማል
ሔው,ኣቦ ሓጎ
ሔውት,እኖ ሓጎ
ሕለት,ዘንጊ
ሕልቀት,ቀለቤት
ሕልያን,ብላዕ (ጉቦ)
ሕምስ,ማሕፀን (ሙፃአ ሕፃን)
ሕምር,ሒና
ሕንቅርት,ዓንቀር
ሕንዚር,መፍለስ
ሕንጽዋል,ሰዓዕ
ሕዋን,ቤት ንግዲ
ሕዋናት,ኣብያተ ንግዲ
ሕዳይ,ሰስሓ
ሕጥሜ,ፍረ ጡጥ
ሖጻድ,ቀለቤት መጋረጃ
መሀና,በረኸት ገጽ (ገጸ በረከት)
መለንስ,ንሂጕ
መልጰጶን,ዱባ
መምኤሉ,ጥፍረርያ
መረብ,መጻውድያ ዓሣ
መርዔት,መጓሰ
መራዕይ,መጓሰታት
መርሕብ,ጎልጎል፡ ኣደባባይ
መራሕብት,ኣደባባያት
መርኆ,መፍትሕ፡ ሥልጣን
መርመሬ,ቀምሽ ውሽጢ
መርሶ,መርሶ (ወደብ)
መርበብት,ሰኪዔት መግፈፍ ዓሣ
መርወይ,ሓርቢ፡ ብራሾ፡ ሻኳ
መርደድ,ሎቖታ
መርግሕ,መደረጋሕ
መርጡል,ኣዳራሽ
መርጡር,ኣዳራሽ
መርፈቅ,መቐመጥ ኣጋይሽ
ምርፋቅ,መቐመጥ ኣጋይሽ
መሰንቆ,መሰንቆ (ክራር)
መስብክት,ዕትሮ፡ ገንኢ
መሳብክት,ዓታሩ፡ ኣጋንእ
መስኖ,መስኖ
መሳንው,መስኖታት
መሳውስ,ጅማት
መሳውዕ,ጅማት
ምስያም,መሶብ
መሳይምት,መሶባት
መስሪቁ,ኣቋራጭ መገዲ
መስተራትዕ,ሰያፊ (ሓራዲ)
መስተካ,ጨጎራ
መስተገብር,ሓረስታይ
መስተጋብእ,መኣከቢ
መሰቴማ,ሰይጣን
መሰነቅት,ሎቖታ ስንቂ፡ ሳንጣ
መሥእርት,ሚዶ፡ መዘርገፍ
መስኤ,መስአ
መስድጥ,ድራር
መስገርት,መጻወድያ
መስፌት,ዋጣ
መስፍሕ,ወጸቓ (መስፍሕ)
መሶብ,መሶብ
መሶባት,መሶባት
መቀቅ,ሞግእ (ወድ ንኢ)
መቃምር,ሓንዳይ፡ ገበጣ
መቃስም,ጠንቋሊ፡ ዛር
መቃርዕ,ሓለንጊ
መቃብር,መቓብር
መቅረዝ,መቐስ፡ መቐዝ
መቅበርት,መቓብር
መቅዓን,ጸቢብ መገዲ
መቅዩጥ,ወረጦ
መቅድ,ንብቲራ
መቅድን,ምሳር
መቅጹት,ቁራዕ
መቍዓል,ጮማ ሥጋ
መባሕት,ፍቓድ፡ ሥልጣን
መብልዕ,ብልዒ
መብራ,ዓላማ
መብእስ,ጐጻጐጽ መገዲ
መብዓል,ትሕጃ
መትክልት,ሽኻል
መትከፍ,መንኩብ
መኖሥሥ,ጉጤት (ማንካ)፡ ሞኾስ
መነኮስ,መነኮስ፡ ፈላሲ
መነጽር,መነጽር (አኩያለ)፡ መጽሔት
መንሰግ,መፍትሕ፡ መሸጎር
መናስግት,መፋትሕ፡ መሸጎራት
መንከስ,መንከስ
መንሰክ,መንከስ
መንሱት,ፈተና፡ ጥፍኣት
መንካ,ማንካ
መንኮክት,መፍተል
መንደቅ,መንደቕ
ወንገን,ዓቢይ ገንኢ
መንገድ,ዓቢይ መገዲ
መንጠፍት,መዅባዕቲ
መንጦላዕት,መጋረጃ
መንፈቅ,ፍርቂ
መክርይ/ መክሪት,መዅዓቲ
መክብብ,ሓለቓ፡ ኃላፊ
መክፈልት,መኽፈልቲ፡ ብጽሒት
ሞራዕ,ሽራራ
መዋርዕት,ሽራራታት
መዋዕል,መዋእል
መዋድህ,ሒላብ
መዋግደ ክረምት,ጸፍዒ ማይ (መሾምበባ)
መዋግደ እሳት,ሃልሃልታ ሓዊ
መዓልት,መዓልቲ
መዓረ ግራ,ጎጎ መዓር
መዓር,መዓር
መዓርዒር,መዓራዊ፡ ጥዑም ቃል
መዘምር,መዘምር
መዘድ,ቁራብሻ
መዝረብ,መስበሪ እምኒ (ሞዶሻ)
መዝራዕት,ቅልጽም፡ ኢድ
መደልው,ግብዝ
መዳምህ,ዕርፊ መስቀል(ማንካ ጽዋዕ)
መድኃኒት,መድኃኒት
መድቀቅ,መጥሓኒ
መድፍዕ,መድፍዕ
መግዌ,ጥራዝ፡ እንዳእቲ
መጠራ,ዕላማ፡ ዓላማ
መጥለውዝ,ካራ
መጥቀብት,ጭፈታ (መሸረብ)
መጥባሕት,ካራ
መጽሔት,መስትያት (መጽሔት)
መጽመድ,መጽዓን (መጥመሪ)
መፍጽሕ,መሰበሪ እምኒ (ሞደሻ)
ሙዝያሁ,ቃጭል
ሚ፧,ክንደይ፧
ሚላቅ,መዝርኢቶ
ማህሜ,ሞቝሕ
ማህረጽ,መጥሓን
ማህው,ብርለ
ማህጼ,ገዘሞ፡ ማሕጸ፡ ምሳር
ማሕፀን,ማሕፀን
ማር,ሊቅ
ማኅቶት,መብራህቲ
ማኅፈር,እሙን ዓርኪ
ማኅበር,ማኀበር
ማኅው,ብርጭቆ
ማኅሌት,ማኅሌት
ማኅፈድ,ኣዳራሽ
ማእምር,ፈላጥ፡ ሊቅ፡ ለባም
ማእስ,ማእሲ
ማእከል,ማእከል
ማውታ,ሕሉቕ እንስሳ
ማዕረግ,መዓርግ
ማዕበል,ማዕበል
ማዕነቅ,ባሬቶ
ማዕኖ,ደገ ሰላም
ማዕኮክ,ለባም፡ ባዞ
ማዕው,መዓንጣ (ናውቲ ኸብዲ)
ማዕድ,መኣዲ
ማዕዶት,ማዕዶ፡ መሳገሪ
ማዕፆ,ማዕፆ
ማዕፈርት,ጥብቆ
ምህርካ,ምርኮ
ምሕራም,ቤት ጣዖት
ምሕዳም,መደቀሲ
ምሥያም,መሶብ፡ ኣገልግል
ምሥያም,ሣፁን
ምሥያጥ,ዕዳጋ
ምራቅ,ምራቕ፡ ጥፍጣፍ
ምራዕ,ማሕዘል
ምርዓት,ኮሸምሸም፡ ቀለልቀለል
ምሴት,ምሸት
ምሳር,ምሳር
ምስማክ,መደገፊ
ምስካይ,መጸግዒ
ምስያሕ,ሞጉእ
ሠሌዳ,ሠሌዳ፡ ብራና
ሠመዝ,መፈንቀሊ እምኒ (መለኪኖ)
ሠምዕ,ሽምዓ
ሠምዓት,ሽምዓታት
ሠረገላ,ዓረብያ፡ ማኪና፡ ነፋሪት፡ ብሽግሌታ
ሠረገላ,ኣጽዋር ቤት (ህድሞ)
ሠሩር,ስረ (ክዳን)
ሠርሖት,ፈነዋ፡ ምፍናው
ሠርቅ,ባሕቲ
ሠርዌ,ሓለቓ፡ ሓላፊ
ሠርዌ,ሠርወ ቤት
ሠርጕ,ስልማት
ሠቅሠቅ,መስኮት፡ መናፈሻ፡ ሰገነት
ሠገር,ዓስከር፡ ወተሃደር
ሡራህ,ድንሽ
ሢራክ,መስተውዓሊ፡ ለባም
ሢራክ,መስመር ብራናን ጥራዝን
ሣህር,ባሕቲ
ሣህት,ዕረፍቲ
ሣዕረ ማይ,ሓርቢ
ሦር,ብዕራይ
ሦከር,ሽኮር
ሦክ,እሾኽ
ረሐብ,ስፍሓት
ረምሕ,ዅናት
ረምጽ,ብርኵታ
ረቅ,ብራና፡ ወረቐት
ረቢ,መምህር
ረበናት,ዓበይቲ፡ መምህራን፡ኣሕሉቕ
ረበናት,መኳንንቲ
ረኃብ,ጥሜት
ረዋዲ,ዓማጺ፡ ሰዓቢ፡ ኣኽባቢ (ንኽፋእ)
ረድእ,ተማሃራይ
ሩካቤ,ርክብ
ሪረደን,ገልገል በቕሊ
ራሕብ,ራሕቢ (ስፍሓት)
ራቃካ,ምልዖ
ራኩብ,ብራኳ
ራኩዕ,መሓግሓጋ
ራግማ,ኣጅቦ
ራግናት,መቕዘፊ ጅልባ
ራግዛት,ልዳት የማነ ጸጋም
ሬካትም,ውንጅር
ሬዋ,ጡጥ
ርኤም,ሾብዓተ ቐርኑ እንስሳ
ርእሰ ሠርቀ ወርኅ,ባሕቲ
ርእስ,ርእሲ፡ ልዕሊ ዅሉ፡ ሓለቓ
ርዩጽ,ዝጸረየ፡ ዝተገርሐ፡ ዝተቐጽዐ
ርያ,ባንዴራ
ርዴ,ሓረጣ
ርግብ,ርግቢት
ሮስ,ቈልዓ (ወዲ)
ሮዳስ,ሽንካር (ኃሙሻይ ቀኖት)
ሮጌል,መቓብር
ሮፕ,ኣፍንጫ
ሰላምሂ,ደገ ሰላም
ሰላምያሂ,ደገ ሰላም
ሰልቢብ,መስቀል
ሰሐቅ,ሰሓቕ
ሰማዝ,ሽብጢ
ሰምሕም,መሸጐር (ሸጋጥ)
ሰራለስጢ,ኮኾብ ሾብዓተ
ሰርባ,ሓላኺቶ፡ ጠራጊቶ (ቋና)
ሰርብ,መንጫዕጫዕታ
ሰቂማ,ምርኮ
ሰቂኖን,ኩኽ (ዓይነት ኦም)
ሰቄጤሌም,ተሰካሚ (ሮፋዕ)
ሰቅ,ማቕ
ሰቅራቅ,ፍቝራ
ሰበን,መጠምጠምያ፡ ሰበን
ሰበድአት,ጠበቕ፡ ኣፍዐት
ሰብአ ቤት,ስድራቤት
ሰብአ ዓይን,ሰለይቲ፡ ስለያ
ሰናፔ,ፍረ ኣድሪ
ሰንሰሪቅ,ኣቛራጭ መገዲ
ሰንቢላ,ውራይ (ድግስ፡ ግብጃ፡ ምሳሕ፡ ዕድመ) እንግዶት
ግዝእ,ውራይ
ሰንኮሪስ,መምህር፡ ኣማላዲ
ሰንደቅ,ሰንደቕ
ሰንዱን,በፍታ፡ ሓድስ ክዳን ዓለባ
ሰንጐጕ,መንጠልጠሊ መጋረጃ ሓጺን
ሰኖባር,ጽሕዲ
ሰኪኖን,ሽብጢ፡ ኩኽ
ሰካህካህ,ሽንጦ፡ ኣሰር ማይ ስዋ
ሰኮት,ዕዳጋ፡ ሹቕ፡ መገዲ፡ ሜዳ
ሰኮና,ሸኾና
ሰኳዕት,ሽሾ፡ጐመዳን፡ ጻጸ፡ ንህቢ ከልቢ
ሰዋስው,መደያይቦ (መሣልል)
ሰዋቅ,ዳጌፋ፡ ድጋፍ፡ መደገፊ
ሠውጥ,ሐለንጊ
ሰይ,ዋይ
ሰይል,ዋይታ፡ ቍላዕ
ሰይራ,ከርፈስ
ሰይፍ,ሴፍ
ሰደይ,ጥዑም ዘረባ
ሰድሉ,ማሕፀን፡ ሚዛን
ሰገም,ስገም (እኽሊ)
ሰጊህ,ሕማቕ፡ ሰነፍ
ሰግላ,ሳግላ
ሰግላግ,ኣብ ቀላይ ዝበቁል ጋሳ
ሰጉረድ/ ሰጉርንድ,ቀይሕ ሽጉርቲ
ሰጥረጲሎን,ኣውሒ
ሰኖባር,ጽሕዲ
ሰጵለክስስ,ነፋሒቶ፡ ዓንጎግ
ሰጵራክን,ምንጭልቚት
ሰፈርኮል,ጕርጉሪት
ሰፈርጎል,ጉርጉሪት
ሰፋራ,ሓሞት
ሰፋድል,መዳሕንቲ
ሰፌልያ,መስበሪ እምኒ (መደሻ)
ሰፌልያ,መፈንቀሊ እምኒ (መለኪኖ)
ሰፍነግ,ሰፍነግ (ስፖንጅ)
ሰፍኖጌ,ሰፍነግ፡ ሓሞት
ሱላሜ,ሰላም፡ ፍቕሪ፡ ኅብረት
ሱትላፊ/ ስትላፊ/ሶትላፊ/ ሶቶፍሊ,ቊራዕ
ሱም,ፃዕዳ ሽጉርቲ
ሱራጌ,መረቕ
ሴሩብ/ ሲሮብ,ሒሖት
ሲኖዲቆን,ቃለ ጉባኤ
ሳምር,ወቕቲ፡ ጊዜ፡ እዋን
ሳኒታ,ንጽባሒታ
ሳንጥ,ዓተር
ሳውዳ,እሳታዊ ጠባይ
ሳዶር,ቀዳማይ ሽንካር
ሳፍሕ,ቅጥኒ
ሳፍራ,ነፉሳዊ ጠባይ
ሳፕ,ጅግና፡ ንፉዕ
ሴሮሕ,ቀሺ ገበዝ
ሴኬቤቴናሆም,ሓቛፊት ደርሆ
ስሂጥ,ሃመማ፡ ጽንጽያ፡ ሕጻውጽ
ስህቦ,ሓሰኻ ዒባ
ስላቅ ስላት,ላግጺ
ስማሕ,ላልሽ (ሥጋ)
ስማዝ,ሰቲ
ስማዝያሁ,ስምዕዛ
ስባጥ,ኵላሶ፡ ሕርጓቶ
ስብሐት,ምስጋና
ስብኮ,ጣዖት፡ ምስሊ፡ ቅርጺ
ስቴ,መስተ
ስኂን,ዕጣን
ስን,ስኒ
ስንቅ,ስንቂ
ስንት,ሽንቲ
ስንዕ,ስምምዕ
ስንክሳር,እኩብ
ስንዳሌ,ሥርናይ
ስዝር,ስድር
ስጉርንድ,ሽጉርቲ
ሶልላ,ኮረት፡ ሑጻ፡ ሐመድ
ሶመት,ፃዕዳ ሽጉርቲ፡ ገዘሞ
ሶሬድ,ስንክያ፡ ጐንደራን
ሶርቃ,ተዝካር
ሶርቃቡ,ብሑቝ
ሶቤቃካ,ምልዖ
ሶክ,እሾኽ
ሶድ,መጽሓሪ ሓዊ
ሶጣስስ,ቅንጭብ
ሶፍር,ቅርጸት ከብዲ
ሶፍያ,ጥበብ፡ ፍልጠት
ቀለም,ቀለም
ቀለምሲስ,ራእይ
ቀለምጤዳ,ጸባ ቈልቷል
ቀለምጺዳ,ቅንጭብ
ቀለምጺጽ,ብልጭታ፡ ሞቝሎ
ቀለንቶስ/ ቀለንቶን,ባሕቲ
ቀለምፔ,ቀይሕ ቐለም
ቀላይ,ቀላይ
ቀላውጻ,ኣደ ህበይ
ቀልዙ,ሓሰኻ ዒባ
ቀልደድ,ቅርኒብ ዓይኒ
ቀልጹ,ተባዕታይ ህበይ
ቀሐር,ቀሐር
ቀማጥር,መንፊት
ቀምሕ,ፍረ፡ ዘርኢ፡ ኣዝመራ
ቀምጠራ,ሙዳየ ምጽዋት
ቀስታም,ዱላ፡ በትረ መንግሥት
ቀረጽ,ቀረጽ
ቀሪም,ቀሪም
ቀራንዮ,ዝተማሳቐለ፡ መካነ ዐፅመ ርእስ
ቀርቂስ,መዛናግዒ (ጆቶኒ፡ ገበጣ)
ቀርነብ,ማንቲለ፡ ቅርኒብ ዓይኒ
ቀርነብ,ቅርኒብ እኽሊ
ቀርነ ነጌ,ስኒ ሓርማዝ
ቀርነናዕ,ኣረነ፡ ሓሸካ
ቀርዱ,ህበይ
ቀርዱናት/ ቀርዲናት,ኣህባይ
ቀርጠሉት,ስጉርፍኦ
ቀርጠሉ,ጥፍሒ (እንዳ ኵሕሊ)
ቀርጠሎን,ቅርጫት
ቀርጠሎን,ስጉርፍኦ፡ ዘምቢል
ቀርጤል,ጥፍሒ (ሙዳይ)
ቀሱት,ዕትሮ
ቀቀብ,ሰገባ
ቀቀኖ,መፍለስ፡ ኣባ ጕምባሕ
ቀቢላ,ማሸላ
ቀትረርያ,ሰንደቕ ዕላማ
ቀንዲል,ቀንዴል
ቀውዕ,ቀውዒ
ቀይሕ,ቀይሕ
ቀስ/ ቀሲስ,ቀሺ
ቀዲሙ,ቅድም
ቀዳሚ/ ቀዳማዊ,ቀዳማይ፡ መጀመርታ
ቀጣ,ሚዛን ወርቂ
ቀጸላ,ኣኽሊል
ቀጻ,ሓዊ ለይቶ፡ ጽምብላሊዕ
ቁመት,ቁመት
ቁናማት,ከረጺት፡ ሳንጣ፡ ቁርባብሻ
ቁፋሂ,ቅኔ ማኅሌት (ማኅሌተ ቅኔ)
ቂም,ቂም
ቂሪን,ሓጽቢ ዒላ
ቃህም,ጸጸ
ቃህዋ,ፍረ ቡን
ቃማ,ስልማት
ቃስ,እደ ጠባብ (ቀሚስ)
ቃርሕ,ቀሓር
ቃቂር,ኳዂ
ቃቤላ,ማሸላ
ቃቴል,ቃጭል
ቃውላ,ድውል
ቃውም,ጠበቓ፡ ሓለቓ
ቃውጻ,ዋጭል ህበይ
ቃግስት,መርዛም ኣፍዐት፡ ተመን
ቃፍ,ዕላማ (ጨመተ)
ቄር,ኃያል
ቄርኔን,ዕቑር ማይ
ቄኔ,ኣውሊዕ
ቄደር,መጽሕፈ ንስሓ
ቄድሮስ/ ቄድሪኖን,ኣውሒ
ቄጵርስስ,ጽሕዲ
ቄፋዝ,ወርቂ
ቅስፈት,ግርፋት
ቅስት,ባእሲ፡ ክርክር
ቅስና,ክህነት
ቅርዳን,ንእሽቶ ኣንጭዋ
ቅርድ,ህበይ
ቅርፍት,ቅራፍ
ቅስፍ,ዓይኒ ምድሪ (ሽቓቕ)
ቅብኣት,ቅብኣት
ቅብእ,ቅብኢ (ልኻይ)
ቅብው,ዝተነፍሐ፡ ቃባ
ቅብጢ,ቋንቋ ግብጺ(ጥንታዊ)
ቅናት,ቅናት፡ መዕጠቒ
ቅኔ,ቅኔ፡ መግዛእቲ
ቅንጽራሆ,ዲያቆን
ቅንአት,ቅንኣት
ቅንፍዝ,ቅንፍዝ
ቅያዕ,ትፉእ፡ተምላስ
ቅዱስ,ቅዱስ፡ ፍሉይ
ቅዳሴ,ምስጋና፡ ቅዳሴ
ቅድም,ቅድም
ቅድው,ጽቡቕ
ቅጥራን,ቅጥራን
ቅጽር,ቀጽሪ፡ መካበብያ
ቆላ,ቆላ
ቆሐልት,መጽሐፈ መክብብ
ቆም,ቁመና፡ ቁመት
ቆርኔሌ,ዝናር
ቆሮስ,መሰፈሪ (ምሰ)
ቆስያ,ሳምቡእ
ቆቅሕ/ ቆቃሕ,ቆቛሕ
ቆባር,ጣቓ
ቆብኒ,ትዃን
ቆብዕ,ቆቢዕ
ቆጶሮጢስ,ንግሥቲ ንህቢ
ቆጶን,ሣእኒ
ቆፎ/ ቀፎ,ቆፎ
ቈላፍ,ዘይተገዝረ፡ ዘይኣምን
ቈሳቍስ,ኣቚሑ ቤት
ቈርነናዕ,እንቁርዖብ
ቈስጤ,ሽምፍላ፡ ጨጐራ
ቈጠጥ/ መንኮብ,ዓባይ ዓባይቶ ኣጻብዕቲ
ቈልቷል,ቈልቷል
ቍልኤ,ዓስከር፡ ፈታዊ፡ ፍቁር
ቍልኤት,ከዳሚት፡ ኣገልጋሊት፡ ሸቃሊት
ቍልፍ,ቁልፊ
ቍማል,ቁማል
ቍስል,ቍስሊ
ቍር,ቍሪ
ቍርባን,ቁርባን፡ መሥዋዕቲ
ቁንስጣጌ,ኣረጊት ከልቢ
ቍንቍኔ,ነቐዝ፡ ቍንቍነ
ቍንጽ,ቁንጪ
ቍንጽል,ወኻርያ
ቍየጽ,ምሕኵልቲ
ቍጽ,ሰለፍ
ቋዕ,ኳ
በለሳን,ዘይቲ ኣውሊዕ
በለቅ,እብነ በረድ
በለው,ስረ
በለዝ,ጽኑዕ ዓንዲ
በልቀም,ሐሞት (መሬታዊ ጠባይ)
በሐ,ከመይ ውዒልካ፧
በሐኵ,ድዑል (ተባዕታይ በጊዕ)
በረድ,በረድ
በሪሆት/ በሪሰት,ምንጋጋ
በራሕ,በራሕ
በርህ,ብርሃን
በርሲም,ጽሕዲ
በርሴም,ጽሕዲ
በርፎሪኮን,ዝርው ቃል ሰብ
በቀል,በቐል፡ ምፍዳይ ሕነ
በቀልት,ስየ
በቅል,በቕሊ
በቍዔት,ረብሓ፡ ጥቕሚ
በትር,በትሪ
በዓል,በዓል፡ ጣዖት
በዓት,በዓቲ
በደይ,ንፍዮ(ሕማም)፡ ፍሮማይ
በዲዳስፋ,ሓደ ካብ ሰብ ጥበብ
በድር,በዓል አይሁድ
በድን,በድን (ሬሳ)
በድው,ምድረ በዳ
በግዕ,በጊዕ
በጢህ,ዱባ
በጥልሳት,ስም መጽሓፍ
በጸል,ፃዕዳ ሽጉርቲ
በኵር,በኵሪ፡ ሓለቓ
ቡኤዝ,ስም ሰብ
ቢልዮስ,ቃድራ (ዘይተሓርሰ)
ቢረሌ,ብርለ
ቢሬሲም,ጽሕዲ
ቢጸልቱማ,ቀይሕ ሽጉርቲ
ቢጽ,ብጻይ (ብጫይ)
ባህል,ኣባሃህላ፡ ባህሊ
ባህሩስ,ሻምብቆ
ባሉጥ,ኣውሊዕ
ባሕታዊ,ባሕታዊ (ንበይኑ)
ባሶር,ሥጋ
ባቡት,ጐብየ
ባቱል,ድንግል (ንጓል)
ባእስ,ባእሲ
ባዕ,ስድሪ
ባዕል,ሃብታም
ባዕድ,ባዕዲ
ቤል,ጣዖት
ቤልሆር,ሰይጣን
ቤሩሲም,ጽሕዲ
ቤርክታን,ኮረቻ ገመል
ቤተ አፍሶት,ሆስፒታል (መካነ ሕይወት)
ቤተ ድዉያን,እንዳ ሕሙማት (ሆስፒታል)
ቤተ ግዝእ,እንዳ ውራይ
ቤቴል,ቤት እግዚአብሔር
ቤዝ,ኮኾብ
ቤዴላህ,ቃንጥሻ
ብልሂት,ኣዛሒት
ብልታናስ,ወርኂ
ብሑእ,ብሒቝ
ብሑት,ሥልጡን፡ ልዑል
ብሔር,ዞባ፡ ከባቢ፡ ዓዲ
ብሕባሔ,ጥንተ ፍጥረት (ዋህዮ)
ብሕውስ,ኣብሾ
ብርክ,ብርኪ
ብሩህ,ብሩህ
ብሩር,ብሩር
ብርሃን,ብርሃን
ብርስን,ብርስን
ብርስኖት/ ብርስዮት,ዓደስ
ብርኒ,ድሙ
ብርዕ,ብርዒ፡ ቀለም
ብርት,ነሓሲ
ብርያል,ሰይጣን
ብነት,ዕሽር፡ ግብሪ
ብንኦምኒ,ወዲ ጻዕሪ (ብንያም)
ብእሲ,ሰብኣይ
ብእሲት,ሰበይቲ
ብዕራ/ ብዕራይ,ብዕራይ
ብዕዛ,ጸናጽል
ብዙኅ,ብዙኅ
ብድብድ,ሕማም ተላገብ
ብድዮን,ብርኒሂጎ፡ ብርኒጎ
ብጻል,ቍራጽ ጨርቂ፡ ቡጃል
ብፁዕ,ብፁዕ፡ ምስጉን፡ ክቡር
ቦጽል/ ቦጼል,ፃዕዳ ሽጉርቲ
ተላብ/ ተለቤ/ ተላቤ,እንጣጢዕ
ተላዕ,ሓኸለ ሥጋ
ተልሚድ,ተልመዴን፡ ተመሃራይ
ተሓግ,ተሓግ፡ ሮማዲ
ተሐኘ,ጽሩይ፡ ንጹሕ
ተመርት,ተምሪ
ተመን,ተመን
ተምኔት,ድሌት
ተምያን,ተንኰል (ኣርተፊሻል)
ተሥላስ,ሣልሳይ ደርቢ
ተራፊን,ጣዖት
ተርሚን,ክሊዓው
ተርሜን,ታህሰስ
ተርቢዝ,ሓተላ ስዋ
ተቅራም,ቀሪም እኽሊ
ትቅሳም,ቀውዒ (ፍረ ቀውዒ)
ተቅዋም,ቀንዴል
ተብሪዝ/ ተበሪዝ,ሽንቲ
ተብሪዛት,ብብዝኂ ንሽንቲ
ተቢሳ,ደሮና
ተባዕት,ተባዕታይ
ተቤሳ,መጐልበቢ ገጽ፡ ሻሽ
ተብሲል,ጥጥቖ
ተንካ ተነካ,ዳዕሮ
ተንክ,ጸዶ (ንሜስ ዝኸውን)
ተናብልት,ልኡኻት
ተን,ሃፋ፡ ትኪ፡ ግመ
ተንከተም,ድልድል (ቢንቶ)
ተአማጎሲስ,ፀረ እግዚኣብሒር
ተአምር,ተኣምር፡ ምልክት
ተከዚ,ወኃዚ ማይ
ተኬሳ,መንኩብ
ተክሉ,ድዑል በጊዕ
ተክሊል,ሕጊ፡ ሥርዓት
ተክሪር,ቀውዒ
ተክሪዝ,መጽሓፈ ጵጵስና
ተክዚር,ተስካር
ተኵላ,ተዅላ
ተኳልው/ተኳሉት/ተኵላት,ተዃሉ
ተወን,ጽድያ፡ ኣዝመራ
ተዋሕዶ,ተዋሕዶ
ተዋርዶ,ውርደት
ተውኔት,ጸወታ፡ ሳዕስዒት
ተውሳክ,ተወሳኺ (ተደመሮ)
ተይፈን,ዝራብዕ
ተያፍን,ዝራብዓት
ተዳሂ,ቤተ ልሔም
ተግሣጽ,ማዕዳ፡ ተግሣፅ
ተግቢጥ,ሽቓቕ፡ ዓይኒ ምድሪ
ተጥላሳት,ኣስተዋጽኦ መጽሓፍ
ተጽራሕ,ካልኣይ ደርቢ
ተፉሕ,ድንሽ፡ ባናና፡ ቱፋሕ
ተፋውሕ,ደናንሽ
ቱማ,ፃዕዳ ሽጉርቲ
ቲሃ,ሽግ፡ ሆየ ሆየ
ታሪክ,ታሪኽ
ታርያጎሎስ,ደራሲ፡ ነባቤ መለኮት (ዮሐንስ)
ታቡላ,ጣውላ
ታቦት,ታቦት፡ ማኅደር
ታናቅ/ ቴናክ,ጸዶ (ንሜስ ቀመም ዝኣቱ)
ታአማጎሲስ,ፀረ እግዚኣብሔር
ታዕካ,ኣዳራሽ
ታፒ,ድባብ
ቴሎግና,ትምህርቲ ቃል እግዚኣብሔር
ቴውናቅ,መኾምብያ
ቴዳ/ ፔዳ,መስቀል
ቴገን/ ቴግኑ/ ቴጌል,ጕልሻ
ቴጉን,ሞቝሎ
ቴጎ,ድጕሪ
ቴፌን/ ቴፈን,ዝራብዕ
ትለቤ,እንጣጢዕ
ትላዕ,ጽኪ
ትልም,ትልሚ
ትልወት,ገዝሚ
ትሄ,ውሻጠ
ትሕላፍ,ሓላፍነት
ትሕቢት,ውሕሰነት፡ ትሕጃ
ትሕትና,ትሕትና
ትሕዝብት,ጥርጥር፡ ውልውል
ትማልም,ትማሊ
ትምክሕት,ትምክሕቲ
ትራፕ,መጻወድያ፡ ትራባ
ትርጋጽ,ትርጋጽ፡ ሸነኽ እግሪ
ትሮ,ብዕራይ
ትብሌ,ጥብቆ
ትንቢት,ትንቢት
ትንባክ,ትንባኮ
ትንንያ,ትንንያ (ጣንጡ)
ትእምርት,ምልክት፡ ማዕተብ
ትካት,ቀደም
ትካዜ/ ትካዝ,ጓሂ
ትኩዝ,ኀዙን
ትክት/ ትክቶ,ደመ ትክቶ (ፔሬድ)፡ ወርኃዊ ጽግያት
ትውዝፍት,ጌጻ ጌጽ፡ ኃጢኣት
ትውፊት,ውርሲ
ትዑል,መጻሕፍተ እንስሳ
ትዕቢት,ትዕቢት
ትዕይንት,ከተማ፡ ሰፈር
ትዝኅርት,ጃህራ
ቶማስ/ ቶማስስ,ፀሓይ
ቶራ,ዓጋዜን
ቶራት,ዓጋ ዜናት (ዓዲ)
ቶሬን,ጸዋሪት፡ ሰንቀ
ቶርማን,ገመል ህድሞ (ናሕሲ)
ቶታን,ስራኽ (መእሰሪ ሣእኒ)
ኀዘን,ኀዘን
ኀዝኀዝ,ታኼላ፡ ሰልሚ
ኀየል,ጤለበዱ
ኀይዶ,መራሕ ዕዉር
ኀዳፍ,ወተግ
ኀዳፍ,መምህር
ኀግል,ሞቑሕ
ኀጕል,ጥፍኣት፡ ሓጒሊ
ኂሳን,ለውሃት፡ ክብሪ
ኂሩት,ለውሃት
ኃሙስ,ኃሙስ
ኃምስ,ኃሙሻይ
ኃያል,ኃያል
ኃያጢ,ጠባሪ
ኃይል,ኃይሊ
ኃጢኣት,ኃጢኣት
ኄር,ለዋህ፡ ኄር
ኄንባሊ,ጣፍ
ኀልቀት,ቀለቤት፡ ካትም
ኀሮ,መንደል (ቡንታ)
ኅብር,ሕብሪ
ኅብረት,ኅብረት
ኅብስት,ኅብስት፡ እንጌራ
ኅብዝ,እንጌራ
ኀንብርት,ሕንብርቲ፡ ማእከል
ኅንባዝ,ነዊት
ኀዝአት,ሕዛእቲ
ኅዳግ,ጫፍ መጽሓፍ
ኀጠት,ቅንጣብ
ኀጥጥሜ,ጡጥ
ኀዕው,ስሉብ ሥልጣን
ኆኅት,ኣፍ ደገ
ኆር,መስኮት
ኆጻ,ሑጻ
ኆጻድ,ቁልፊ (መዕጠቒ ስረ/ መጋረጃ)
ነሃር,መንጨዕጫዕታ ማይ
ነምር,ነብሪ
ነስታ,ግብሪ
ነቀልቃል,ነውጺ፡ ምንዋጽ
ነቀዝ,ነቐዝ
ነቀጥቃጥ,ምንቅጥቃጥ
ነቅሪስ,ፍንጣጣ፡ መንሽሮ
ነቅዕ,ፈልፋሊ ማይ
ነቋር,ነቛር
ነቍጥ,ነጥቢ፡ ነቑጣ
ነበርጻው,ረስኒ
ነትዐት,ማእሲ
ነአውልት,ነዓዕልቲ፡ ዕቅብቲ
ነኪር,ጓና፡ ዘይወዲዓዲ
ነኮላል,ኮለል ምባል
ነዊኅ,ነዊኅ
ነዋ,እንሆ
ነውር,ነውሪ
ነዐ,ነዓ
ነዐዊ,ሃዳናይ
ነዓውት,ሃዳኖ
ነዚፋ,ነጸላ፡ ካርታ
ነደቅት,ነዳቖ
ነዳእት,መራሕቲ ሥራሕ፡ ከብከብቲ
ነዳይ,ድኻ፡ ዘይብሉ
ነድ,ነዲ፡ ሃልሃልታ ሓዊ
ነገርጋር,ዘውድቕ ሕማም
ነጋዲ,ነጋዲ
ነግድ,ጋሻ፡ ኃላፊ መገዲ
ነግህ,ንግሆ
ነጎጋው,ምስውስው ምባል
ነጥብ,ነጥቢ
ነጐድጓድ,ነጐድጓድ
ነጠብጣብ,ነጠብጣብ
ነፈርዐፅ,ዝላ፡ ምዝላል
ነፋስ,ንፋስ
ነፋጺ,ነፋጺ፡ ሃዳሚ
ነፋሕ,ድንሽ
ነፋውሕ,ደናንሽ
ነፍጥ,ጠበንጃ፡ ሽጉጥ
ኑፋቄ,ጥርጥር፡ ውልውል
ኒል,ፈለግ ኒል
ኒቄጥራ,ዕምባባ ገልገለ መስቀል
ኒቆታ,ቤት ኣቚሑት
ኒቆታ,ቤት ሥእሊ (እንዳ ሰኣላይ)
ናሁ,እንሆ
ናህክ,ኃዘን
ናህው,ማሕጐማ
ናህይ,ዕርፍቲ
ናላ,መንበስበስታ
ናሕ,ማሕጐማ
ናሕስ,ናሕሲ፡ ህድሞ
ናቃት,ገመል
ናቅ,ሓራስ ገመል
ናብሊስ,ነጋሪት፡ ቃጭል፡ ጸናጽል፡ መሰንቆ
ናብቴ,ናውቲ ማሕረስ (ሞፈር)
ናቱሪም,ሕምባሻ
ናኀር,ሕርኻ፡ ምሕርናኽ
ናእክ,ዓረር፡ ዚንጎ
ናዕት,ዘይበኵዐ ቅጫ፡ ጎጎ
ናይን,ስም እግዚኣብሔር ኣምላኽ
ናይናን,ስም እግዚአብሔር ኣምላኽ፡ ይቕረ በሃሊ
ናጥራን,መላሕስ ከብቲ
ኔስታሊ,ምስሊ ተመን ኣስራዚ፡ መድኃኒት
ኔባል,ሒላብ
ኔባል,ቍራዕ፡ ዕትሮ
ንህብ,ንህቢ
ንሕነ,ንሕና
ንስር,ንስር፡ ዑፍ
ንቡረ እድ,መንፈሳዊ ኣመሓዳሪ፡ ሕጹይ ሽመት
ንብረት,ንብረት
ንትፋይ,ብልዕቲ (አባለ ዘርእ ተባዕታይ)
ንኩህ,ኣድጊ
ንዋየ ውሥጥ,ናውቲ ከብዲ
ንዋየ ሐቅል,ናውቲ ኵናት
ንዋም,ድቃስ
ንዋይ,ገንዘብ
ንድቅ,መንደቕ
ንጉሥ,ንጉሥ (ፕረዚደንት)
ንግመጥስቴ,ወግዒ፡ ቅያ፡ ዛንታ፡ ታሪኽ
ንግደት,መገሻ፡ ንግደት
ንጥኑጥ,መንጕዳ
ንጹሕ,ንጹሕ
ንፍቅ,ፍርቂ
ኖል,ዓስቢ ጓሳ፡ ደሞዝ፡ መሃያ
ኖብያት,ታሪኽ ነገሥታት
ኖትያ,ሓምባሲ
ኖትያት,ሓምበስቲ
ኖጌ/ ነጌ,ሓርማዝ
ኖፕ,ዲያቆን
ኖጻ,ክንቲት፡ ግልግለ
ኣለሚያን,ሣዕሪ ሣዕሮ
አሊቁ,ባሕሪ ጨው
አላዶር,የማናይ ኢድ ዝወግኣ ካልኣይ መስማር
አሌ,ወይ
አሌፍ,ስም ፊደል
አልቀር,ቈልቷል
አልባብ,ልብታት
አልብየ,የብለይን
አልቦ,የልቦን፡ ኣይኮነን
አልዋ,ሓላዊ፡ ዘብዒ
ኣሓ,ኣሓ፡ ከብቲ
አሐቲ,ሓንቲ
አሐዱ,ሓደ
አሐተኔ,ብሓደ
አሐድ,ሓደ
አሕ,ዓኽ፡ ኣሕ (ምልክት ጓሂ)
አሕማ/ አሕማው,ኣሕማ
አሕሩግ,ደዓውል
አሕርው,ሓሰማታት፡ መፋልስ
አሕሳል,ዓበይቲ፡ ሎቖታታት
አመት,ከዳሚት፡ ባርያ፡ ኣገልጋሊት፡ ሸቃሊት
አእማት,ብብዝኂ
አሚር/ አሜር,ሽእኡ (ሽዑኡ)
አሚን,እምነት
አማን,ሓቂ
ኣማንየ,ብሓቀይ
አማዑት,ኣምዑት
ኣሜሃ,በቲ ሽዑ ጊዜ
አሜህለል,ወርኂ እትወጸሉን እትዓርበሉን
አሜስያሂ,ደገ ሰላም
ኣሜን,ኣሜን ይኹን፡ ይገበር፡ ይብጻሕ
አሜከላ,እሾኽ ተኾርባ
አሜፌቅ,መድረኽ
ኣምትንት,ጅማውቲ
አምኃ,መባእ፡ ኣምኃ
ኣምንሰቲት,ተዘከረና
ኣምእስት,ማእስታት
አምዓም,ታኼላ
አሣዕን,ኣሣእን
አሥራግ,ፈልፈልቲ ማያት
አቅ,ወጮ፡ ጥልፊ
አሥዋር,ኣብዑር
አረቦ,ሳርማ፡ ረድኤት
አረቦን,ዕርቡን
አረቦናት,ዕርቡናት
አረፍት,መንደቕ፡ ግድግዳ
አሩኤል,ውኻርያ
አሩራን,ሮማን፡ ዘግባ
አሪስ,ኣግነት፡ ኣጕዶ
አሪጋ,ሰስሓ
አሪፍ,ዓሚ
አራሲብ,መሽረብ ማይ
ኣራራይ,ሣልሳይ ዓይነት ዜማ
አራዊት,ኣራዊት (ብዙኃን)
አራዝ,ክዳን
አርማስ,ሽፍታ ባሕሪ
አርሜስ,ዘንጊ
አርሲስ,መናፍቕ
አርሲሳን,መናፍቓን
አርስጣሉ,ጠንቋሊ
አርስጣላብ,መነጽር (ቴሌስኮፕ)
አርቆሚን,ባላ
አርባቅ,ቆሎ ዳሽም
አርባብ,መላእኽቲ
አፓሩፔ,ቀሺ ገበዝ
አርቲው,ኣውሒ
አርቴውቂኖን,ኣውሊዕ
አርአያ,ኣርኣያ (ኣብነት)
አርኤል,መሠውዒ
አርእስት,ራእስታት፡ ጐይቶት
አርዋን,ኣፍንጫታት
አርዌ,ተመን፡ ኣርዌ፡ ዲያብሎስ
አርዑት,ኣርዑት
አርዩፕ,ዕረ
አርያም,ሰማይ
አርዮስፋጎስ,ባይቶ ፍላስፋታት
አርጋብ,ረጋቢት
አፓፔ,ዓርኪ
አሮት,ልሓም (ሊሓም)
አሮድዮን,ዑፍ ያሬድ
አሰር,ኣሰር
አሰክት,ጸጕሪ ትሽቱሽ
አሳ,ስም ሰብ
አስል,ዘርኢ፡ ሡር፡ ትውልዲ
አስሐትያ,ኣሳሒታ
አስሕርት,ባሕትታት
አስማት,ኣስማት
አስራብ,መንጫዕጫዕታታት
አስቀሎባ,መጽሓፈ ጥንቊልና
አስቈሎን,ቈጻሪ ኮኾብ
አስባንያ/ሶስንያ,ወርኂ ሰማይ
አስኳት,ዝተመሳቐለ መገድታት
አሥዋጥ,ሓለንጊታት
አስፈሬዳ,ስጕርፍኦ፡ መሶብ
አስፌር,ዓሚ
አቀቅ,ሞግእ
አቀብ,ዓቐብ
አቀባት,ኣቐባት
አቀድ,ጕልላት
አቂቅ,ብልቃጥ
አቃቂር,ዝተፈላለየ መድኃኒት
አቃኒ,ዳንዴር፡ ጥፍራርያ
አቃኒም,ኣካል
አቃጠን,ኣንበጣ
አቃጣን,ኣንበጣ
አቃጥም,ኩብኵብታ
አቅ,ሐርቢ
አቅላሜዶን,ቈልቷል
አቅሌምያ,ጓል ኣዳም
አቅሌስያ,ቤተ ክርስቲያን
አቅራብ,ዕንቅርቢት
አቅጤ,ብርለ
አቍናጽ,ኣቝናጭ (ቍንጭታት)
አቍጣጥ,ጅና በትሪ (መጀነኒ)
አበ-ላሕም,በዓል ከብቲ
አበ-ምኔት,ሓላፊ ገዳም
አበርጊላ,ገበጣ፡ ሓንዳይ
አበሳ,ኣበሳ፡ በደል
ኣበቅቴ,ቍጽሪ ዘመን
አበው,ኣበው፡ ኣቦታት
አበ-ደም,በዓል ደም
አቡሊድስ,መዘምር
ኣቡን,ኣቡን፡ ጳጳስ
አቢብን,ዑፍ መስቀል
አባ,ኣቦ፡ ብርቱዕ
አባል,ኣካል፡ ኣባል
አባብ,ብዓል ውዕለት፡ ሸቃላይ
አባጕ-ንባሕ/ ኣበ-ጉንባሕ,ኣባ ጕምባሕ
አቤኔዜር,እምኒ ረድኤት
አብ,ኣቦ
አብሕርት,ባሕርታት
አብረክሲስ,መጽሓፈ ግብረ ሐዋርያት
አብሪም,ልቢ
አብርሃም,ኣቦ ብዙኃን
አብርዎ,ልቢ
አብሰልናዎስ,ቃል ፍትሓት(መሐራ)
አብኑስ,ዝበ ዝተባህለ ኦም
አብኖስ,ቀረጽ ዝተባህለ ኦም
ኣብዋቅ,መለኸታት
አብያታዊ,ቤተ ሰብ
ኣብዮት,እምቢተኛ
አኃው,ኣኅዋት
አኀት/ አኃት,ኣኃት
አኀዝ/ አኃዝ,ቍጽሪ
አኀዝ,ትሕጃ
አነ,ኣነ
አነዳ,ዓጽፊ፡ ቈርበት
አኒን,ፍረ ነፍስ
አናሚ,ኣላሚ
አናስር,ዋህዮታት
አናኵዕ,ጎደቦ
አናጕንስጢስ,ኣንባቢ ዲያቆን
አቦሊጽ,ብልጭታ ሞቝሎ
ዓተር,ዓተር
አትሮንስ,መንበቢ መጽሓፍ
ኣንስት,ኣንስቲ
አንስትያ,ኣንስተይቲ
ዐንቀር,ዓንቀር
ዐንቀጽ,ኣፍ ደገ
አንቃስ,ዕነ (ደምበ፡ ጭቃ)
አንቄ,ሽላ
ኣንቆቅሖ,እንቋቑሖ
አንበሳ,ኣንበሳ
አናብስት,ኣናብስ
አንበጣ,ኣንበጣ
አንብዕ,ንብዓት
ኣኖት,ልሓም (ሊሓም)
አንደበራ,ስዲ፡ ወዲ ሰበይቲ
ዓንጎግ,ዓንጎግ
አንጕዕ,ኣንጉዕ
አንጥማርያጦስ,ፀረ ማርያም
አንጻር,መንጽር
አንጼዋ,ኣንጭዋ
አንፍ,ኣፍንጫ
ኣትሪኮን,ቃል ትንቢት
አኤናኦን/ አኤናዎን,ዘለዓለም ዘሎ
አእኑስ,ኣንስቲ
አዕኑግ,ኵትሻታት (ዓይነት ስልማት)
ኣእዋም,ኣእዋም
ኣኪስት,ፈልፈልቲ ዓይኒ ማያት
አካል,ኣካል
አክሊል,ኣኽሊል፡ እኽልታት
አክሊሮስ,ቀሺ ገበዝ
ኣክልብት/ አክላብ,ኣኽላባት
አክራጦን,ደመ ክርስቶስ
ኣክሪግሊዮን,ሓሰማ
ኣክሳስ,ሽሾ፡ መራሕ ማይ
አክይስት,ኣትማን
አክዮስ,ይግብኦ (ይግብኦ)
ኣኰቴት,ምስጋና
ኣውል,ኣውሊ
ኣውሎ,ንፋስ
አውሎግያ,ዝተባረኸ፡ ኅብስቲ
አውርሐርስ,ሓርሽ
ኣውቃፍ,በናጅር (ዓይነት ስልማት)
አውታር,ስልኪ ክራር
አውኪያኖስ,ውቅያኖስ
አውክሳርያ,ስንክሳር
ኣውያት,ኣውያት
አውያን,ወይንታት
አውግር,ኵርባታት
ኣውጤ/ በጽል,ባልደንጓ
አዛል,ብርቱዕ፡ ኃያል፡ ጎበዝ
አዛብ,ጭራ
ኣዞብ,ስምዕዛ
አየር,ኣየር
ኣዮባሊ,ወዳእ ነገር፡ ጠበቓ
አድግ,ኣድጊ
ኣእዱግ,ኣእዱግ
አዲማ,ትን
አዳም,ጽቡቕ
አዴራ,ራብዓይ መስማር (የማናይ እግሪ ጐይታ ዝተወግኣሉ)
ኣድራማሌክ,ጕንጓ
አድገ መረብ,ኣባ ጕንባሕ
አድል,ወጮ፡ ባርኖስ
አድያም,ከባቢ፡ ዞባ
አገዳ,ቅልጽም
አጋም,ዓጋም
አጋስዕ,ሰባብሕቲ (ጥሪት)
አጋዕዝት,ጐይቶት
ዓጋዘን,ዓጋዜን
አጌ,ጡጥ
አግልዕት,ገልዒታት (ኣጋልዕ)
አግሪግልዮስ,ሓሰማ
አጠቀን,ኣንበጣ
አጣሊ,ኣጣል
አጠርቆን,ሞባእ፡ መሥዋዕት
አጥራቂ,ምክት
አጥባት,ኣጥባት
አጰርግዮስ/አጰራግዮስ/ኣጰሮግዮስ,ሥጋ
ኣጵቱ,ሕልፍኚ (ሕጓ)
ኣጰሊጹ,ቤት መቕደስ
አጶርጌ,መሥዋዕቲ (ዓይነት ቍርባን)
ኣጽለዳ,ኩመል
ኣጻብዕ,ኣጻብዕቲ
ኣጽባዕት,ኣጻብዕቲ
ኣጽት,ኵዕሶ፡ ጥምቢ
ኣጽዋል,ሰዓዕ፡ ሃምበል
አጽፋት,ፍሒራ
አጽርቅት,ጨርቅታት
አፈ መልበስ,መእተዊ ክሣድ ክዳን
ኣፈ ጽባሕ,ወጋሕታ
አፈቄዳ,ቃቓዊት ደርሆ
አፍለጢስ,ቅጥራን (ካትራመ)
አፍረንጊ,ፈረንጂ
አፍራቅያ,ኣፍሪቃ
አፍቀድ,ቃቓዊት ደርሆ
አፍቁፍ,ኣርሒ ደርሆ
አፍዖት,ኣፍዑት
አፍዮማክን,መራሕ ማይ
አፍ,ኣፍ
አፈዋት,ብብዝኂ
አፓሩፔ,ቀሺ ገበዝ
አርፓፔ,ሊቀ ጳጳሳት
አፓፔ,ፈታዊ
ኡድር,ምኽንያት
አልህሉሂ,ሎቖታ
ኢስታኦስ,ስም ኣምላኽ
ኢብን,ዑፍ መስቀል
ኢኑሉ,ጽምብላሊዕ
አናጦሊ,ኣርሒ ገመል
ኢያዜር,ጎብየ
ኢያዜቡ,ልጓም
ኢዮቤል,፵፱ ዓመት (ዘመነ ኅድገት)
ኤላም,ገበላ (ብራንዳ)፡ ደገ ሰላም
ኤላው,ዓንዲ
ኤላጤስ,ጽሕዲ
ኤሌዎን,ዘይቲ ኣውሊዕ
ኤልሕሕ,ደገ ሰላም
ኤልሳልስ,ደገ ሰላም
ኤልባዝር,ሓራስ ከልቢ
ኤልዳ,ኣዳምን ሔዋንን ዝተፈጥሩላ ቦታ
ኤርሁ,ስም ኮኾብ
ኤርዌት,ኣንስተይቲ ሓርማዝ
ኤርገብ,ስንጭሮ
ኤርጋሄ,ርግሀ
ኤርጌት,ተባዕታይ ደርሆ
ኤስከዴሬ,መስኮት(ፍኒስትራ)
እልልድኩ,ሓኽሊ ድሙ
እመምኔት,ኣደ ገዳም (ሰበይቲ)
እምሄው,ኣቦሓጎ
እምሄውት,እኖሓጎ
እም,ኣደ
እም,ካብ
እራኅ,ማእከል ኢድ
እርኩበት,ኣንስትዮ ኣግማል
እሳት,ሓዊ
እስቁፍ,ቀሺ ገበዝ
እስትጉቡእ,ዝተኣከበ
እስከ,ክሳዕ (ክሳብ)
እስኪት,ፍረ ነፍስ (ብልዕቲ)
እቀጡ,ህበይ
እቤር,ኣረጊት ሰብኣይ
እቤርት,ኣረጊት ሰበይቲ
እብላ,ወርኂ
እብን,እምኒ
እቶን,እቶን
እንስሳ,እንስሳ
እንቃስ,ዕነ
እንቋዕ,እንቋዕ
እንዚራ,መሰንቆ
እንዳዒ,እንድዒ
እንድቅትዮን,ዓርቢ
እንገዝ,ቱሽቱሽ
እንግድዓ,ኣፍ ልቢ (ደረት)
እንግዳ,ጋሻ፡ እንግዳ
እንጐት,ትርንጎ
እንጳጴ/እንጳንጴ,ፍንጣጣ
እከይ,ክፍኣት፡ ክፋእ
እኩይ,ክፉእ፡ እኩይ
እክል,እኽሊ፡ እኽእል እየ
እወ,እወ
እዝን,እዝኒ
እዝን,ጽንጽሕለ
እድ,ኢድ
እገሌ,እከለ
እድግት,ኣድጊ
እጕስታር/እጉስታር,ዕረ
እግዝእት,ኣደ ቤት (እመቤት)
እግዚእ,ጐይታ
እግዚኦ,ኦ ጐይታ
እጠስ,እንጥሸው
እፎ,ከመይ
ኦሆ,ሕራይ (እሺ)
ኦሆሊባ,ኢየሩሳሌም
ኦሆላ,ሰማርያ
ኦም,ኦም
ኦሪት,ኦሪት፡ ቀደም
ኦርያ,ኣፍ ደገ ሰላም
ኦርያሬስ,ፀሓይ
ከሃ,ንየው፡ ኣብቲ
ከለሜዳ,ቀይሕ ግምጃ
ከላል,ሚዶ፡ መዘርገፍ
ኵልስስት,እንዳእቲ
ከላስስት,እንዳእትታት
ከልብ,ከልቢ
ከሎ,ልኻይ፡ ጠስሚ
ከመዝ,ውንጅር፡ ከምዚ
ከመዛት,ብብዝኂ (ውንጅራት)
ከሙን,እንጣጢዕ፡ ኣባዕከ
ከሚን,ሽንፋእ
ከማእ/ከሜእ,ሕማም ልቢ
ከረቤዛ/ኰረቤዛ/ኮረቤዛ,ብልዕቲ ኣንስተይቲ (ሙፃአ ሕፃን)
ከረጺት,ከረጺት
ከራሚ,ዕቑር፡ ዝኸረመ
ከራግልዮስ/ኪሮማሊዮስ/ ኪሮግልዮስ,ሓሰማ
ከርሜል,ጥፍረርያ
ከርሚን,ክሊዓው
ከርም,ክረምቲ
ከርሥ,ከብዲ (ከርሢ)
ከርቤ,ከርበ
ከርካዕ,ለሚን
ከርካዓት,ለሚናት
ከበሮ,ከበሮ
ከብካብ,ከብካብ (መርዓ)
ከብድ,ከብዲ፡ ማእከል
ከተማ,ከተማ፡ ጫፍ
ከንፈር,ከንፈር
ከናፍር,ከናፍር
ከንበሎ,ወለባ (ሚዶ ትመስል ኣብ ርእሲ ደቂ ኣንስትዮ እትስኳዕ)
ከንቱ,ኸንቱ
ከዋላ,ድኅሪት፡ ከውሊ
ከዋኒታት,ሓወልትታት
ከዋክብት,ከዋኽብቲ
ከዋው,ቅልጡፍ
ከውር,እቶን ሓጓዳይ
ከዘበል,ጠይቂ፡ ሶል (ናይ ኣድጊ፡ በቕሊ)
ከይሲ,ከይሲ፡ ተመን
ኩህ/ኵህ,ጸዋሪት፡ መንጠልጠሊ ኣቑሑ (ኩላብ)
ኩላብ,ጸዋሪት፡ መስቀሊ ኣቑሑ
ኵርበት,ክታብ
ኩእንት,ኵዕንቲ
ኪሩይ,ኵስኵስቲ
ኪርያላይሶን,እግዚኦ መሓረና
ኪራቁ,ዕለተ ምጽኣት
ኪሮግልዮስ,ጊሐ፡ ሓሰማ
ኪነት/ ኪን,ብልሓት፡ ጥበብ
ካሂ,ሓራስ ላም፡ ምራኽ፡ ኣርሒ
ካህን,ካህን
ካሜን,እንጣጢዕ
ካቢ,ዳንጋ
ካዕሴ,ጨጎራ፡ ፈርሲ፡ ዒባ፡ ከብዲ፡ ርስሓት፡ ሥጋ ከስዐ
ኬሌሜዎን/ኬሌምሌዎን,ነፋሒቶ
ኬሜሌዎን,ጠበቕ
ኬሴላ,ልሔ (እኩባት ከዋኽብቲ)
ኬፋ,ከውሒ (ጴጥሮስ)
ክላሕ,ኣውያት
ክልኤ⁄ክልኤቱ/ት,ክልተ
ክሕደት,ክሕደት
ክማም,መሽቀቕ
ክምር,ኩምራ
ክሣድ,ክሣድ
ክሥተት,ግልጸት
ክረምት,ክረምቲ
ክርታስ,ወረቐት፡ ብራና
ክቦ,ኩቦ
ክንፍ,ክንፊ
ክዑብ,ፈትሊ
ክዑት,ድዅዒ
ክዕቦ,ኩቦ
ክዳን,ክዳን
ኮሞል,ኩመል
ኮል/ኮንፋር,ምልዖ
ኵለሄ,ኵሉ ጊዜ
ኵሉ,ኵሉ
ኵሊት,ኵሊት
ኵልያት,ኰላሊት
ኵሕል,ኵሕሊ
ኵራል,ቃንጥሻ
ኵርናዕ,ኵርናዕ
ኵርዳላቅ/ኩድራላቅ,ሽጉጥ
ኵስሕ,ቀልቀል፡ ዒባ፡ ፋንድያ
ወለት,ጓል
ወላዲ,ወላዲ
ወልታ,ዋልታ
ወልድ,ወዲ
ወሬዛ,ጎበዝ፡ መንእሰይ
ወርቅ,ወርቂ
ወትር,ኵሉ ሳዕ
ወኃይዝ,ወኃይዝ
ወንጌል,ብሥራት
ወዐሊ,ኣገልጋሊ፡ ዓስከር (ወታደር)
ወይን,ወይኒ
ወይሊተ,ወይለይ
ወይጠል,ኢራብ
ወዲፈት,ብላይ ጨርቂ
ወዲፎት,ቁራጽ ምንጻፍ
ወግር,ኵርባ
ወግዕ,ወግዒ
ወጣኒ,ጀማሪ
ዋሕር/ዋሕድ,ሓደ
ዋሕድና,ሓድነት
ዋስማ,እሾኽ መርገም (ተኾርባ)
ዋካ,ብርሃን
ዋዕይ,ዋዒ
ዋዜማ,ድሮ፡ ዋዜማ (ኣማርኛን ግእዝን)
ውሉድ,ውላድ፡ ውሉድ
ውላጤ,ለውጢ
ውሣጢ/ጤ፡ ውሥጥ,ውሽጢ
ውቅሮ,ጽቡቕ ሕንፃ
ውቅያኖስ,ውቅያኖስ
ውኂዝ,ውሕጅ
ውእቱ,ንሱ፡ እዩ
ውኩፍ,ቅቡል፡ ሥሙር
ውዳሴ,ምስጋና፡ ናእዳ
ዘሄርሙ/ ዘዘሄርሙ,ዋላኻ ሓመድ
ዘለፋ,ጸርፊ፡ ስም ሰበይቲ
ዘሊላ,ዳጕያ (እኽሊ)
ዘልፍ,ወትር፡ ኩሉ ሳዕ
ዘመድ,ዘመድ
ዘማ,ሸርሙጣ
ዘማዊት,ዘማዊት
ዘሩባቤል,ዘርኢ ባቢሎን
ዘራከፕ,ዕንቅርቢት
ዘርቅ,ዋዛ፡ ባጫ፡ ኣሽካዕላል፡ ጻውቲ
ዘርቤን,ጥዑም ሽታ
ዘርቤዶ,ዛግራ
ዘርብ,መስበሪ እምኒ (ማሳ)
ዘርእ,ዘርኢ
ዘርዜቅ,መንፊት፡ ሞዅባዕቲ (መጽሞቚ ስዋ)
ዘቢብ,ዘቢብ፡ ወይኒ
ዘባን,ዝባን ሕቖ
ዘብድው,ዲኖ፡ ማቕ፡ ወጮ
ዘትር,ወለላ መዓር
ዘነብ,ጭራ
ዘነባት,ጭራታት
ዘዌ,ፈውሲ ተመን ዕንፀይቲ
ዘውር,ዙርያ፡ ከባቢ
ዘውግ,ወገን፡ ዓሌት
ዘይት,ዘይቲ
ዘይጦን,ኣውሊዕ
ዘግራ,ዛግራ
ዘጋርው,ካግራታት
ዙዚዮን,ዓለቕቲ
ዚኣሁ,ናቱ
ዛውዕ,ዋዛ፡ ጻውቲ
ዜራዕ,ዕትሮ
ዜና,ዜና (ወረ)
ዜናዊ,ነጋሪ (ብጽቡቕን ሕማቕን)፡ ሓሳዊ
ዝሕቅ,ሓርቢ
ዝሙት,ዝሙት
ዝምዝም/ዝማም/ዝማማት,ዝማም (ልጓም)
ዝማሜ,ዝማሜ
ዝማሬ,ምስጋና
ዝራፕ/ዝራፒ,ጊባቦ
ዝቅ,ገንኢ፡ ሓርቢ
ዝቃት,ኣጋንእ፡ ሓርብታት
ዝብል,ሓርኢ ሓጺን (rust)/ቀልቀል (ናይ ኵሉ)
ዝብእ/ዝእብ,ዝብኢ
ዝናም,ዝናም
ዝንቱ/ዝኩ/ዝክቱ/,እዚ
ዝኅር,መቓብር
ዝክር,ዝክር፡ መዘከርታ
ዝየል,ማሕስእ (ውላድ ጤል)
ዝየ,በዚ፡ ኣብዚ
ዝጋግ,ሕማም መንሽሮ
ዝፍት,ኰልዒ፡ ጥጅእ፡ ዕንዲዳ
ዞም/ ዞሞ,ደም
ዘሪት,ዕምባባ ሱፍ
ዐለቅት,ዓለቕቲ
ዐላማ,ዓላማ
ዐልጌን,ባላ
ዐመፃ,ዓመጸ
ዐማፂ,ዓማጺ
ዐረቦን,ዕርቡን
ዐረቦናት,ዕርቡናት
ዐሪስ,መሐለዊ ተኽሊ ኣጕዶ፡ ዳስ
ዐራት,ዓራት
ዐራዝ,ክዳን
ዐርኬ,መልክዐ ስንክሳር
ዐቀበት/ ዐቀብ,ዓቐበት
ዕቁብ,ዝተዓቕበ
ዐቃቂር,ቀመማ ቐመም
ዐቃብ,እሾኽ ዳንዴር
ዐኒን,ፍረ ነፍስ
ዐንበሪ/ዐንበር,ዓሣ ነባሪ
ዐንግ,ኵትሻ (ዚኾነ ስልማት ደቂ ኣንስትዮ)
ዐውድ,ዓውዲ፡ ክቢ
ዐጌ,ጡጥ
ዐጌያት,ጡጣት
ዐጸባ,ዓጸባ፡ ጭንቂ፡ ሽግር
ዓልዋ,ጥዑም ጨና (ሽታ)
ዓመት/ዓም,ዓመት
ዓምድ,ዓንዲ
ዓሣ,ዓሣ
ዓስብ,ደሞዝ፡ መሃያ፡ ዓስቢ
ዓሥራት,ዕስሪት (ዕሽር)
ዓርብ,ዓርቢ (መወዳእታ)
ዓርክ,ዓርኪ
ዓበቅ,ዓበቕ
ዓቢይ,ዓቢይ
ዓባር,ዓባር፡ ዕብራን
ዓተር,ዓተር፡ ባልደንጓ
ዓንቀር,ዓንቀር
ዓኮት,ዒኮት
ዓው,ምሕኵልቲ
ዓይን,ዓይኒ
ዓዲ,ጋና (ገና)፡ ካልኣይ፡ ከምኡ፡ ተወሳኺ
ዓዘቅት,ዓዘቕቲ፡ ጕድጓድ፡ ዒላ
ዓፅም,ዓጽሚ
ዓዕቅ,ቈጽሊ
ዓፅፍ,ዓጽፊ
ዔላ,ዒላ ማይ
ዔረግ,ሴፍ፡ መጻወድያ
ዕለት,ዕለት
ዕሪና,ማዕረ
ዕርፍ,ዕርፊ
ዕቀን,ድቓላ ኦም (ተቀጽላ)
ዕቋን,ሕቋን
ዕቡይ,ዕቡይ፡ ኵሩዕ
ዕብሬት,እብረ፡ ታራ፡ ሳምንቲ
ዕዋል,ዒሉ
ዕዝል,ዓይነት ዜማ
ዕድ,ሰብኣይ
ዕደው,ሰብኡት
እድ,ኢድ
እደው,ኣእዳው
ዕዳው,እንዳ ጐሓፍ
ዕዳ,ዕዳ
ዕድሜ,ዕድመ
ዕጉስታር/ዕጕስታር,ዕረ
ዕጓል,ውላድ፡ ቈልዓ፡ ሕፃን፡ ዕሸል
ዕጣን,ዕጣን
ዕፅ,ዕንፀይቲ
ዕፀው/ዕፀዋት,ዕፀዋት
ዕፁብ,ዘገርም፡ ግሩም
ዖፍ,ዑፍ
የማን,የማን
የካየስትሪ,ዓሣ
የዋህ,ለዋህ
የውጣ,ዓሠርቱ ቃላት ኦሪት
ያሬስ/ያፌስ,ምሳር
ያቁም,ጽኑዕ ዓንዲ
ዬዬ,ዋይዋይ
ዬ,እሰይ እሰይ
ይምን,የማን
ይቡስ,ንቑጽ፡ ደረቕ
ይባቤ,ዕልልታ
ይቤ,በለ
ዮም,ሎሚ (ሎም)
ዮናኒ,ቋንቋ (ጽርዕ፡ ግርኽ)
ዮጊ,እምበኣር፡ ምናልባሽ
ደልጉማ,ገዓት
ደመ ትክቶ,ወርኃዊ ጽግያት፡ ደም
ደመና,ደመና
ደም,ደም
ደምረዝ,ዕንጕለ
ደረመን,ዓበቕ፡ ሽሕር
ደሴት,መርሶ (ኣብ ማእከል ባሕሪ ትርከብ መሬት)
ደስቀን,መሶብ
ደስጲዳ/ዳስጲዳ,ማንቲለ
ደቂቅ,ደቂቕ
ደበራ,ጽዩፍ ሥራሕ (ብዕልግና)
ደብር,ደብሪ፡ ኵርባ
ደብተራ,ድንኳን
ደነስ,ዓስቢ ዝሙት
ደንጐላ,ሱፍ
ደንጐላት,ሱፋት
ደክታም,ዘኽታም፡ ድኻ
ደዌ,ሕማም
ደይን,ደይኒ፡ መካነ ኵነኔ
ደጓብያ/ደጎብያ,ጎደበ
ደፍን,ጽሕዲ
ደፍእ,ላዕላይ ልዳት
ዱሐን,ዳጕሻ (ዳጉሳ)
ዲያቆን/ዲብዲቁ,ኣገልጋሊ፡ ዲያቆን
ዲናር,ዓይነት ገንዘብ
ዲናብራ,ጸልማት
ዲንታሮ/ዴንታር,መሽቀቕ
ዳሂ,ሰበረ
ዳሌ,ዳንጋ
ዳስ,ዳስ
ዳቤላ,ድቤላ
ዳናት,መስማር ጸጋማይ ኢድ
ዳንዴር/ዴዲ,ዳንዴር
ዳዕሮ,ዳዕሮ
ዳይቅ,ድፋዕ፡ ዕርዲ
ዳግም,ዳግማይ
ዳጎን,ጣዖት
ዳፍንት,ሕምባሻ፡ ጎጎ
ዴዴ,ኣፍደገ
ድልወት,ኣገባብ፡ ግቡእ
ድልጋቡ,ከረጺት
ድማኅ,መንበስበስታ
ድምድማ,ጸጉሪ ርእሲ፡ ጎተና
ድራሞ,ጋኔን ድቃስ
ድራር,ድራር
ድርማንቅ,ስረ መርዓት
ድርቃፉ,ዘኽታም
ድርስ,ኣውሊዕ
ድርንቅ,ብርንሂጎ
ድርኩክት,ድርኩዅት (ወንድወንዶ)
ድርዕ,ድርዒ
ድርጋሕ,ድርዕቶ
ድስቅን,ጻሕሊ
ድቡት,ጕምብሕ
ድብ,ድቢ
ድኁድ,ልጓም
ድንታሮ/ድንታ,መሽቀቕ
ድንት,ድንሽ
ድንግል,ድንግል (ንወድን ንጓልን)
ድካም,ድኻም
ድክቱም,ዘኽታም
ድኵዕ,ድኵዒ
ድድቅ,ሃንደበት
ድጕር,ድጕሪ
ድግዱግ,ዕባራ፡ ቀጢን
ዶርሆ,ደርሆ
ገሃነም,ቦታ መቕጻዕቲ
ገሃድ,ገሃድ፡ ግልጺ
ገላሜጡ,ዲያቆን
ገልሚን,መቐስ
ገልዕ,ገልዒ
ገመል,ገመል
ገምስ,ገመድ
ገምሉ,ዓለቕቲ
ገሪሳት,ሰንሰለታት
ገሪስ,ሰንሰለት
ገሪዛን,ቦታ በረኸት
ገሪፍ,መፈንጠራ፡ መጻወድያ
ገራህት,ግራት
ገራውህ,ግራውቲ፡ ግርሁ
ገርስ፡ ገርሳ,ሻርኔራ ማዕፆ
ገርዜን,ሻሽ
ገርዳሊ/ ገርድኡ,ዳኛ፡ ፈራዲ
ገርጣጥ,መለኸት፡ እምብልታ
ገቦታ,መቚሎ፡ ሒላብ
ገበጥባጥ,ሓሸካ ከብዲ
ገባር,ገባር፡ ሓረስታይ
ገባኢ,ውዕለተኛ፡ ሠራሕተኛ
ገባእት,ሸቃሎ
ገብላ,ጋብላ
ገብላት,ጋብላታት
ገብር,ባርያ፡ ኣገልጋሊ፡ ግዙእ
ገብገቦ,መቕተሊ ቦታ
ገብጋቦ,ሕልፍኝ፡ ሕጓ
ገብጥ,ሕማም ከብዲ
ገቦታ,ሞቕሎ
ገቦ,ጐድኒ
ገነት,ቦታ ተኽሊ
ገነታት,ቦታታት ኣትክልቲ
ገነውት,ኣገልገልቲ ጣዖት
ገንታ,ገንኢ
ገንዶራሂ,ወቓዕ፡ መለከት
ገንጳሊ,ገምጣሊ መጽሓፍ
ገአዚ,ከሳሲ፡ ነቓፊ
ገዐዚ,ተጓዓዚ
ገዐር,ገዓር፡ ዓውታ
ገዐት,ገዓት
ገዛእት,ኣሳሰይቲ፡ ኣሰለፍቲ፡ ዓዳሎ
ገዝድዋ,ጭዋ (ኢምሁር)
ገይላ,ጨው እምኒ
ገይብ,ዋንጫ ብሩር
ገደላ,ገምቢ
ገዳም,በረኻ፡ ገዳም
ገዳማት,በረኻታት፡ ገዳማት
ገድል,ገድሊ
ገድገድ,ግድጊዳ
ገጸ ባሕር,ሰሜናዊ ምዕራብ
ገጽ,ገጽ
ገጻት,ገጻት
ጉር,ገልገል ኣንበሳ
ጉባኤ,ኣኼባ፡ ጉባኤ
ጉባኤ ቃና,ስም ቅኔ
ጉዛ,ሊሎ
ጉዲጥ,ጉጤት (ቤንሳ)
ጉጋ,ጉንጓ፡ ቁንጪ፡ መንካዕ
ጊሜ,ግመ
ጊንታሮ,መሽቀቕ
ጊዜ,ጊዜ
ጊዜያት,ጊዜታት
ጊጳ,ስምብር (ሥጋ)
ጊጳት,ብብዝኂ
ጋላ,ጭፍራ
ጋላት,ጭፍራታት
ጋሙስ,ሓርሽ
ጋርሳ,ሃንዛ
ጋኔን,ጋኔን
ጋእዝ,ክትዕ፡ ክርክር፡ ነቐፌታ፡ ሙግት
ጋዕዝ,ጓዓዝ (ጕዕዞ)
ጋይሌ,ጸሊም ተመን
ጋይድ,በጽሒ፡ መንእሰይ
ጋጋ,ሞቑሕ፡ መስገደል
ጋጋት,መቓውሕ፡ መስገደላት
ጌልያ/ ጌልጌላ,ሰማይ
ጌሠም,ጽባሕ
ጌራ,ድርዒ
ጌርዮስ,ስም እግዚአብሔር
ጌሴራ,ቤተ ክርስቲያን
ጌባል,ቦታ መርገም
ጌንታሮ,መሽቀቕ
ግልፎ,ጣዖት፡ ምስሊ
ግሔ,ግሔ
ግሙራ,ፈጺሙ
ግምኤ,ዕትሮ
ግረት,ሰራው፡ ጨዓ
ግራብ,ሰራው
ግራባት,ሰራዋት
ግርማ,ግርማ
ግርባብ,ሓርቢ፡ ግርባ
ግርጣጥ,እምብልታ፡ መለኸት
ግብርናት,መግዛእቲ (ባርነት)
ግብ,ጕድጓድ
ግብሳዕ,በቕሊ
ግብት,ሃንደበት
ግብነት,ኣጅቦ
ግተት,ግተት (አረጊት ስፈ)
ግናይ,ምስጋና
ግንፋል,ጡብ (ሕጡብ)
ግእዝ,ኣዳማዊ ቋንቋ፡ ሓደ፡ ዓይነት ዜማን ንባብን
ግዝእ,ስብሕቲ፡ ድግስ
ጎል,ደምበ፡ መብልዕ ማል
ጎሕ,ወጋሕታ
ጎሜእ,መርከብ
ጎሞር፡ ገሞር,ምሰ፡ መስፈር
ጎር,ጎረቤት
ጎድ,ኃይሊ
ጐራድል,ዝብኢ
ጐርና/ ጕርና,ዓውዲ
ጕጽ/ ጕየጽ,ጥራጥ፡ ፈሲ
ጕሁቍ,ጐባጥ
ጉህና,ድምፂ (ቃል፡ ዜማ)
ጕሕሉት,ጥበራ፡ ሽምጠጣ
ጕሕቈት,ምጕባጥ
ጕርዔ,ጐረሮ
ጕንድ,ጕንዲ
ጕዛ,ሽላ
ጕያ,ጕያ
ጕድብ,ገዘሞ (መቘጥቈጢ)
ጕድባት,ገዘሞታት
ጕጕዓ,ታህዋኽ
ጕጠት,ጕጤት
ጕጻጉጽ,ጐጻጕጽ፡ ዘይጥጡሕ መገዲ
ጓህላዊ,ጕሒላ፡ ኣታላሊ
ጓልኬ,ፍረ ኣድሪ
ጓ,እንቋዕ፡ እኳ፡ ስም እግዚአብሔር ኣምላኽ
ጠለስ,ሕመት (ፍሓም)
ጠሊ,ጤል
ጠሊት,ኣንስተይቲ ጤል
ጠሊሳን,መኣረምያ፡ መንዲል
ጠል,ጠለለት
ጠልሰም,ክታብ
ጠረበናት,ጭፍራታት
ጠረጴዛ,ጠረጴዛ፡ መንበረ ታቦት፡ ሰደቓ
ጠራው,ልሔ (እኩባት ከዋኽብቲ)
ጠርቤንቶስ,ዳዕሮ፡ ጽሕዲ
ጠርቤዜር/ጠርዘቤጠር/ጠርዝቤጤር,ሢመተ ክህነት
ጠቢቁ,ተባዕታይ ደርሆ
ጠቢብ,ፈላጥ፡ ለባም፡ መስተውዓሊ
ጠቢባን,ፈላጣት፡ ለባማት፡ መስተውዓልቲ
ጠባብ,ወሓለ ሰበይቲ፡ ለባም
ጠባይዕ,ጠባይ (ባህርይ)
ጠብደን/ ጠብዳን,ማሕዘል፡ ፃዕዳ ሃሪ
ጠነፍ,ንዳል ኵርሽ
ጠዊእ,ምበቀት
ጠዋኢ,ጠዋይ፡ ቀይናን
ጠዓዊ,መምለኺ ጣዖት
ጠያር,ነፋሪት (ኣየር/ ኣይሮፕላን)
ጠያፊስ,እብነ በረድ (ማርሞ)
ጠፈር,ጠፈር፡ መወዳእታ
ጠፍኒቂስ,ዘራጊቶ (ንፋስ)
ጡራይካ,ቆቓሕ
ጡጥ,ጡጥ
ጡፋሂ,ቅድስት (ቤተ መቕደስ)
ጡፋሕ,ትርንጎ
ጡፋንቂ,ንፋስ
ጢስ,ሥኪ
ጢሮት,መዋቕር፡ ሰንቀ፡ ድንኳን
ጢጢ,ሓለንጊ፡ ጭጉራፍ
ጢጤን,ኩመል
ጣሕር,ጽርየት፡ ንጽሕና
ጣሕል,ሓተላ
ጣቃ,ጣቓ፡ ድነ፡ ጸልማት
ጣንጡ,ጣንጡ
ጣእፍ,ጣፍ
ጣውር,መንደቕ
ጣዕም,ጣዕሚ፡ መቐረት
ጣዕዋ,ጣዕዋ
ጣፍያ,ናውቲ ከብዲ፡ ላልሽ
ጤርዜባጤል,ቀሺ ገበዝ
ጤጉን,ሞቕሎ፡ ሕምባሻ
ጥሕረት,ምንጻሕ፡ ምጽራይ
ጥልቀት,ርኽሰት፡ ኃጢኣት
ጥሕረት,ቤት ሕጽቦ (ባኞ)
ጥምቀት,ጥምቀት
ጥምኣት,ሒና፡ ዒላም
ጥምአታት,ሒናታት፡ ዒላማት
ጥረስ,ምኵዃይ ስኒ
ጥሪት,ጥሪት፡ ገንዘብ
ጥራዝ,ጥራዝ፡ መጽሓፍ
ጥሬ,ጥረ (ዘይበሰለ)
ጥቀ,ኣዝዩ፡ ኣጸቢቑ
ጥቃ,ጥቓ
ጥቅሉል,ጥቕሉል
ጥቅስ,ጥቕሲ
ጥቅም,ቀጽሪ፡ ሕንፃ፡ መንደቕ
ጥቅበት,ምስፋይ ክዳን
ጥበብ,ጥበብ፡ ፍልጠት፡ ምስትውዓል
ጥብሳዴ,ሰይጣን
ጥብ,ጡብ ኣደ
ጥብዓት,ጽንዓት
ጥብጣቤ,ሓለንጊ፡ ኵርማጅ
ጥንቀር,ዕንጭራር
ጥንቁር,እንቁርዖብ፡ ፎቅ ፎቕ ዝብል ቍስሊ
ጥንቃቅ,ነቓዕ፡ መሽቀራቕሮ፡ ጸድፊ
ጥንቃቃት,ኣጻድፍ፡ መሽቀራቕሮታት
ጥንተዮን,ፀሓይ ዝተፈጥረትሉ ዕለት (ረቡዕ)
ጥንት,ቀደም፡ መጀመርታ
ጥዑይ,ጥዑይ
ጥዒና,ጥዕና
ጥዩቅ,ርዱእ፡ ርጉጽ፡ ፍሉጥ
ጥያቄ,ጥያቐ፡ ሕቶ
ጥፋንቂስ,ዘራጊቶ (ንፋስ)
ጦሊ,ሓርማዝ
ጦማር,መልእኽቲ (ደብዳቤ)
ጦሪቃካ,ቆቓሕ
ጦርቤንቶስ,ዳዕሮ
ጦርቤንቶ,ዳዕሮ
ጸላሞን,ስም ሰብ (ባሕታዊ)
ጰልንትዩ,ጡብ (መሬት) ሕጡብ
ጰራቅሊጦስ,መጸናንዒ፡ መጽረዪ፡ ጠበቓ፡ ኣተዓራቒ
ጰንጠቈስጤ/ጰንጠቈስቴ,በዓለ ሰዊት፡ በዓለ ኃምሳ
ጰንጋሊ,ቀዳሒ መጽሓፍ፡ ገምጣሊ
ጴጥሮማ,ቤተ ክርስቲያን
ጳጳፊና,ማሸላ
ጳልቃ,ኣባ ጕንባሕ
ጳራሂ,ቤት መቕደስ
ጳሲካ,ሓጐስ፡ ፋሲካ፡ ምስጋር
ጳኵሲማ,ንቑጽ ኀብስቲ (ባሽኮቲ)
ጳውሎስ,ብርሃን፡ ንዑቕ፡ ዚተናዕቀ
ጳውሎስ,ትሑት
ጳውቂና,ጽሕዲ
ጳውቄና,ጽሕዲ
ጳውቂኖ,ጽሕዲ
ጳጉሜ,ጳጕሜን (ጓቑመ)
ጳጦስ,ክሊዓው
ጳጳስ,ጳጳስ
ጳጲራ,በርበረ
ጴርካ,ዓተር
ጴጥሮስ,ከውሒ
ጽልንትያ,እቶን ኖራ
ጽሩጳጥቄ,መሓምበሲ ኣባጊዕ ቀላይ
ጵሩጳጦ,መጓሰ ኣባጊዕ
ጵርዮን,ሞቑሕ
ጵርስፎራ,ሥጋሁ ወደሙ
ጵርዮኒን,ስደት፡ ምብታን
ጵርድክይሴ,ቆቛሕ ባሕሪ
ጵርፍርዮና,ደርሆ ማይ
ጵስጥቂስ,ጥዑም ጨና
ጶሊስ,ሊቅ፡ ኤጲስ ቆጶስ
ጶርፎርዮን,ደርሆ ማይ
ጶዴሬ,ግምጃ፡ ባርኖስ፡ ካባ፡ ጁባ
ጸለሎ,ጸሎሎ
ጸለኵ,ስናፍጭ፡ ኣድሪ
ጸክ,ምሕኵልቲ፡ መሓግሓጋ
ጸሊሕ,ጭቃ
ጸሊም,ጸሊም
ጸሎት,ጸሎት፡ ልማኖ
ጸሐፍት,ጸሓፍቲ፡ ጭቃ ዓዲ (ሹም)
ጽልመት,ጸልማት
ጸልእ,ቍስሊ
ጸሐም,ጭሓም
ጸምላጥ,ጨምጫም
ጸሪቅ,ሃንዛ፡ መኽፈልቲ
ጸሪቅ,ገንዘብ
ጸሪቅ/ጸራይቅ,ቁራስ እንጌራ፡ ዓይነ ቅርሺ
ጸራኢት,ትሽትሽ
ጸራኢ,ቋንጡጥ ከብዲ (ስብሒ)
ጸራቢ,ጸራቢ
ጸርብ,ፈልጺ
ጸቈን,ሓጹር፡ ገርገራ፡ ኳና፡ ደምበ
ጸበርት,ቈጽሊ ስየ
ጸባኦት,ጭፍራ፡ ኃያላት
ጸባኦት,ጐይታ ጐይቶት
ጸቢብ,ጸቢብ
ጸባ,ጸባ
ጸባቲ,ሓምባሲ
ጸባሕት,ግብሪ፡ ቀረጽ፡ ዕሽር
ጸባኢት,ሠራዊት ውግእ
ጸብሕ,ጸብሒ
ጸብጺባ,ርጕኦ
ጸናፊ,ዶብ፡ ወሰን፡ ደረት
ጸናጽል,ጸናጽል፡ ሽዋሕዋሕ ዝብል ዘፈር ክዳን
ጸናጺት,ጣንጡ
ጸንቢል,ሽፋሽፍቲ ዓይኒ
ጸንጸላዕት,ጽምብላሊዕ
ጸዋግ,ጸዋግ
ጸውብ,ሽሕር፡ ዓበቕ
ጸወን,ጸግዒ
ጸያጴ,ጠበቕ
ጸያጴያት,ጠባብቕ
ጸያፍ,ኰርታዕ፡ ባእባእ
ጸደይ,ኣኸዛ፡ ጽድያ፡ ኣዝመራ
ጸድፍ,ጸድፊ
ጸጋም,ጸጋም
ጸጓር,ጨጓር
ጸጋ,ጸጋ፡ ሃብቲ
ጸጸምር,ታምቡኽ (ዓይነት ኦም)
ጸፈን,ሓርቢ
ጸፍእ,ቀልቀል፡ ዒባ፡ ኩቦ፡ ፋንድያ፡ ዓኾር
ጹግ,ክፍኣት፡ ቂም
ጹግ,ሆየ ሆየ (መብራህቲ)
ጺኦት,ሕዛእቲ (ክልኩል)
ጻሕል,ጻሕሊ
ጻሕቅ,ትግሃት፡ ድሌት
ጸሕብ,ዕትሮ፡ ሳርማ
ጻሕስ,ኣስረጋጭ፡ ሸብሸቦ
ጻሕፍ,ምዝገባ ሕዝቢ
ጻዕር,ጻዕሪ
ጻዕፍ,ጕዕሽ መስተ
ጻይድ,ጠጠም፡ ሰዊት(ዓተር)
ጻድቅ,ሓቀኛ፡ እሙን
ጻጾት,ትንንያ፡ ጣንጡ
ጼተሎ,ጕዕሽ መስተ
ጼዴኔት,ኣባ ጎብየ፡ ዛርጋኔን
ጼዴና,ጽጌናይ መዓር
ጼዴናት,ምትሃት
ጼዴናያት,መልአከ ሞት
ጼናታም,ጨና ኣዳም
ጽሕም,ጭሕሚ
ጽሕርት,ገንኢ፡ ዕትሮ
ጽሕድ,ጽሕዲ
ጽሕፈት,ጽሕፈት
ጽሙና,ጽምዋ
ጽሚት,ቀስምባል፡ ጽምዋ
ጽምእ,ጽምኢ
ጽምብላል,ጽምብላሊዕ
ጽላል,ጽላል፡ መጽለሊ፡ ድባብ
ጽላት,ጽላት
ጽሌ,ታቦት፡ ጽላት
ጽልሑት,ጥበራ፡ ቂም
ጽርንእ,ጽርንቕቲ፡ ዙዕ፡ መበላይ
ጽርንእት,ጽርንቕቲ
ጽርኒ,ኣንጭዋ
ጽሩዕ,ብኹር፡ ዘብኰረ፡ ዝበዀረ
ጽርሕ,መት
ጽቁንቁን,ምጹጽላይ
ጽባሕ,ጽባሕ፡ ወጋሕታ
ጽብን,መንጠልጠሊ መጋራጃ
ጽኑስ,ሽጉር፡ ጭኑቕ
ጽንፍ,ጫፍ
ጽንሐሕ,ጽንሓሕ
ጽንጽላል,ጽምብላሊዕ
ጽንጽንት,ነቐዝ
ጽንጽንያ,ጽንጽያ፡ ሃመማ ከልቢ
ጽዋዕ,ዋንጫ (መስተዪ ፈሳሲ)
ጽዮን,እምባዳዊት
ጽድቅ,ሓቂ
ጽጕራፍ,ሓለንጊ፡ ጭጕራፍ
ጽጕ,ሆየ ሆየ
ጽጌ,ዕምባባ
ጽግነት,መንካዕ፡ ለጛዅቶ
ጸግነታት,መንካዓት
ጽግን,ጭጋግ፡ ጣቓ፡ ሕመድያ
ጽግም,ጸጋም
ጽፉቅ,ጽዑቕ
ጽዑቅ,ጽዑቕ
ጽፍር,ጽፍሪ፡ ሥርሓት ርእሲ
ጽፍዓት,ጽፍዒት
ጽፍሕ,ጽፍሒ
ጽፍነት,ሎቖታ፡ ሳንጣ (ቦርሳ)
ጽፍነታት,ሎቖታታት፡ ሳንጣታት (ቦርሳታት)
ጾላዕት/ ጾማዕት,በዓቲ
ጾታሚ,ብርለ
ጾክ,ምሕኵልቲ
ፀሐይ,ፀሓይ
ፀልቦ,መስቀል
ፀምር,ጸምሪ፡ ጸጕሪ በጊዕ
ፀርቅ,ጨርቂ
ፀር,ጸላኢ
ፀቃውዕ,ወለላ መዓር
ፀብር,ጸብሪ (ጭቃ)
ፀዓዕ,ማሕታ (ብልጭታ)
ፀዓዳ,ፃዕዳ
ፀዋትው,ወገናት፡ ዓይነት፡ ክፋላት
ፀዳል,ብርሃን
ፀፋሪት,ቈናኒት
ፂኣት,ሕማቕ ጨና
ፂዋዌ/ ፄዋ,ምርኮ
ጌና,ጨና
ፃዕር,ጻዕሪ
ፃዕፃዕ,ብርዕን፡ ቁላዕ
ፅምድ,ድምጺ
ፅብሶ,ሰቛር፡ እምኒ
ፆር,ፆር፡ ሰኽሚ
ፆታ,ክፍሊ፡ ዓይነት
ፈሐል,ዝሙት፡ ስምዒት፡ ፍትወት
ፈሐቅ,ፈሐቕ
ፈለክ,ሰማይ፡ ጠፈር
ፈለግ,ፈለግ፡ ሩባ፡ ወኃዚ ማይ
ፈላሲ,ፈላሲ፡ ስደተኛ
ፈላስፋ,ፈላስፋ
ፈልፈል,ፍልሖ፡ ፈልፈሊ ማይ
ፈቃድ,ፈቓድ
ፈትል,ፈትሊ
ፈውስ,ፈውሲ፡ መድኃኒት
ፈያታይ,ሽፍታ
ፈያት,ሸፋቱ
ፈጠራ,ፍልስፍና፡ ፈጠራ
ፈጣሪ,ፈጣሪ
ፈጣን,ፈጣን
ፈጸንት,ረስኒ፡ ዓሶ፡ መርዘን
ፉል,ባልደንጓ
ፊላቅ,ግምቢ (ሕንፃ)
ፌሎን,ሻሽ ርእሲ
ፌሎን,ሳንዱቕ፡ ጁባ፡ መሸፈኒ መጽሓፍ
ፌሎ,ከረጺት፡ ሙዳይ
ፌማ,መንፈስ ቅዱስ፡ ፈላጥ፡ ለባም
ፌባኑ,መንፈስ ቅዱስ
ፌቃዕ,ሥእሊ ዕንባባ
ፌቴሌኔ/ ሙኒም,ድኻ መደኽደኽ
ፌቴሌኔ,ጻዕዳ ድኻ
ፌንሙ,መንፈስ ቅዱስ
ፌዋ,ዝቦኽቦዀ ገረብ
ፌጎር,ጣዖት
ፌጎር,ሕጊ ጣዖት፡ ሥፍራ ጣዖት
ፍሒል,ስኽራን
ፍሑል,ሰኽራም
ፍሕም,ፍሕሚ፡ ጓህሪ
ፍሕሶ,ፋረ ኣንበሳ
ፍሡሕ,ሕጉስ
ፍሥሕ,በዓለ ናእት (በዓል ኣይሁድ)
ፍሥሓ,ሓጐስ
ፍሬ,ፍረ
ፍርሃት,ፍርሃት
ፍርኀት,ጫቝት
አፍርኃት,ጨቓዊት
ፍርፍርት,ብርኒህጎ
ፍርቃን,ምድኃን፡ ምስጋና
ፍሥሐት,ጎቦ፡ ዕርዲ፡ ታባ፡ ድፋዕ
ፍሥሓታት,ድፋዓት
ፍቁር/ ፍትው,ፍትው
ፍቅር,ፍቕሪ
ፍት,ቁራስ
ፍታታት,ቁርስራስ እንጌራ
ፍትሕ,ፍትሒ
ፍኖት,መገዲ
ፍና,መገዲ
ፍናፍንታም,ፈናፍንቲ
ፍኁር,ሕጹይ
ፍኀርት,ሕጽይቲ
ፍኅርት,ጫቚት
ፍዳ,ሕነ፡ ኣብ ክንዲ
ፍድፉድ,ኣዝዩ ብዙኀ
ፍግዓ/ ፍግዕ,ሓጐስ
ፍጡር,ዝተፈጥረ
ፍጡን,ፈጣን
ፍጥረት,ፍጥረት
ፍጹም,ፍጹም
ፍጽም,ግምባር፡ ገምበር
ፍጽን,ዓሶ፡ ረስኒ
ፎራ,ደም ክርስቶስ
ፍንቀስ,ጒሬዛ (ዓይነት እንስሳ ገዳም)
ፎደት,ኲዕሶ
ሀልሀ,ሓለኸ（ብማሕለኻ ንእንስሳ）
ለህሀ,ቀድሐ（ንማይ：ንመፅሓፍ）
ለህልሀ,ኣለኸ
ላህልሀ,ጠልቀየ：ረሓሰ
ሎሀ,ፅሓፈ
በርሀ,በርሀ
ተየውሀ,ገርሂ ኾነ：ተዓሸወ
ተገሀግሀ,ተኸራኸረ
ተጋውሀ,ተኣከበ：ተደለበ
ተግሀ,ተግሀ
ተጠፋልህ,ተጣበቐ：ተጨፍለቐ
ነግሀ,ነግሀ
ኣሜግሀ,ኣብርሀ
ኣብሀ,ፈቐደ：ኣፋነወ（ኣሰናበተ）
ገሀግሀ,ከልከለ
ገህሀ,ገለፀ
ጎሀ,ወግሐ
ሀለለ,በርሀ：ነደደ：ሓረረ
ሓለለ,ደረቐ
ሐመለ,ሓመለ：ለቐመ
ተለዓለ,ተንስአ：ልዕል በለ
ተመዝጐለ,ተለወጠ
ተመዝጐለ,ተመሓላለፈ：ተገልበጠ
ተማህለለ,ተማህለለ：ተኣከበ：ለመነ
ተሰነአለ,ተፋነወ（ተሰናበተ）
ተሰአለ,ተጠያየቐ：ተሓታተተ
ተሣሀለ,ይቕረ በለ
ተሥእለ,ተሥእለ：ሓተተ
ተቀለ,ዓረፈ：ተፈለየ
ተቀበለ,ተቐበለ
ተቀፀለ,ዘውዲ ደፍአ
ተቈልቈለ,ኣንቈልቈለ
ተበቀለ,ተቀየመ：ሕነ ፈደየ
ተበፀለ,ተላሕፀ
ተበፅለ,ተበጕለ：ተመጅተጠ：ተበጣጠሰ
ተተሓለ,ዞረ：ባኸነ：ተታለለ：ቄላመፀ
ተነፅለ,መለቘ：ተነቕለ：ተፈልየ
ተንበለ,ለመነ：ማለደ
ተአንተለ,ሸለል በለ：ኣዕዘምዘመ
ተአገለ,ተቓለሰ：መንዝዐ
ተከለ,ተኸለ
ተከወለ,ንድሕርት በለ：ተኸወለ
ተካሀለ,ዋጋ ተስማምዐ：ተወዓዐለ
ተካፈለ,ተኻፈለ：ኣቕለለ：ረትዐ
ተኬወለ,ፋል ገበረ
ተወላወለ,ተወላወለ：ተመላለሰ：ተጠራጠረ
ተወልወለ,ተጠራጠረ：ተወላወለ
ተወከለ,ተኣመነ：ተወከለ
ተዋፈለ,ፋል ገበረ
ተደንገለ,ተሓለወ：ድንግል ኮነ
ተደበለ,ተኣከበ
ተዳወለ,ተፃልአ：ተዳወበ
ተድህለ,ንድሕርት በለ：ሃደመ：ተዳህለ
ተጋደለ,ተጋደለ
ተጠብለ,ተጠቕለለ：ተጠምጠመ
ተፀለለ,ተሸፈነ：ተጋረደ
ተፈወለ,ተፈኽነነ
ተፋወለ,ኣማረተ：ፋል ገበረ
ትሕለ,ቈላመፀ
ነቀለ,ነቐለ
ነደለ,ነደለ：ኣንኰለ：በስዐ
ነገለ,ኣንኰርኰረ
ንኅለ,ፈረሰ
ኣሕለለ,ኣንደደ
ኣሕመልመለ,ለምለመ：ኣለምለመ
ኣለለ,ህላላ ኾነ
አመድበለ,ኣከበ：ደለበ
አማዕቀለ,ኣኻኸበ：ዓሚቚ ገበረ
አማዕበለ,ማዕበል ኮነ：ፈረሰኛ ኮነ
አማእከለ,ማእከል ገበረ
አሰሰለ,ፈለየ：ኣለየ：ኣርሓቐ
አሰንሰለ,ኣተሓሐዘ
አስተኀዘለ,ኣተሓዛዘለ
አስተሰነአለ,ኣፋነወ
አስተዐዘለ,ኣበርትዐ：ኣፀናንዐ
አቊፀለ,ኣለምለመ：ኣቔፀለ
አበለ,ግዲ በለ：ሕራይ በለ
አብጠለ,ኣቋረፀ：ኣጥፍአ
አተብሰለ,ጠጠቐ：ኣምገገ
አትከለ,ደፋፍአ：ኣጋፍዐ
አንሳሕለለ,ደረቐ：ቀምሰለ：በፅሐ：ተሳለመ
አንቀልቀለ,ኣናወፀ：ተናወፀ
አንበልበለ,ሃልሃል በለ
አንኰለለ,ዘወረ
አንዛህለለ,ኣዛህለለ：ዛህለለ
አንጠልጠለ,ኣንጠልጠለ：ጠልጠል በለ
አንጦለለ,ተዘርገሐ：ተፈልየ
አንጦለለ,ጋረደ
አዕለለ,ፈለየ：ኣጥፍአ
አከለ,ኣኸለ：በቕዐ
አዘለ,በርትዐ
አገለ,ሓፀረ
አጠንገለ,ፀሓፈ
አጰንገለ,ተርጐመ：ገልበጠ：ፀሓፈ
አፅለለ,ኣፅለለ：ኣዕረፈ：ተፀገዐ
ከለለ,ጋረደ
ከፈለ,ከፈለ：መቐለ
ልህለ,ከኣለ
ኰሐለ,ተኰሰ：ዓለመ
ኲሕለ,ኰሓለ
ወልወለ,ተጠራጠረ：ተወላወለ
ወዐለ,ወዓለ：ሸቀለ
ዐለለ,ኣብ ሕብሪ ኣእተወ：ሰበነ
ዐቀለ,ደንገገ
ዔለ,ዘወረ
ዘለለ,ዘለለ：ፀሞቐ
ዘበለ,ኣብዚሑ ሓርአ
ዝሕለ,ቈረረ：ዘሓለ
ደለለ,መሸጠ：ዘርገፈ:ጠቕለለ
ገልገለ,ኣውፅአ：በርበረ：ዘረፈ：ባዶ ገበረ
ገንፀለ,ገምጠለ
ገንፈለ,ግምቢ ሰርሐ：ጡብ ሰርሐ
ገየለ,ቆረፀ：ፈለየ
ገደለ,ገደለ：ናብ ገደል ደርበየ：ጠምበወ
ጐደለ,ጐደለ
ጠሓለ,ኣከበ：ደርበየ
ጠለ,ጠለለ：ረሓሰ：ለምለመ
ጠቀለ,ሓበለ：ብነገር ተንከየ
ጠቅለለ/ጠብለለ,ጠቕለለ
ጠንቆለ,ጠንቆለ
ጠውለለ,ጋረደ
ጤቀለ,ፀሓፈ
ጥሕለ,ሓተለ
ፀሐለ,ኣብልሐ（ንሓፂን）
ፀለለ,ፀብለል በለ
ፀለለ,ሰፈፈ：ጋረደ
ፀንበለ,ቀደደ
ፀንጐለ,ገፍሐ：በዝሐ：ገደደ
ፀንፀለ,ፀናፅል ፀንፀለ：ወቕዐ
ፀደለ,በርሀ：ኣንፀባረቐ
ፀዐለ,ፀረፈ：ኣፀለመ
ፄተለ,ጒዑሽ ኮነ：ኰልዒ ኮነ
ፅዕለ,ፀመመ
ፈሓለ,ዘለለ：ዓንደረ：ዘመወ
ፈተለ,ፈተለ
ፈንቀለ,ፈንቀለ
ፈደለ,ፀሓፈ
ፍሕለ,ኣመንዝረ
ፍሕለ,ሰኸረ：ሓፍሓፍ በለ
ለ,ን
ለለ,እና
መንገለ,ናብ：ሸነኽ：ወገን
ምስለ,ምስ：ከም
በቀለ,ስለ：ከም
ተክለ,ክንዲ：ዚኣክል
እለ,ዝ：እኒ：ቅፅል：ክንዲ ስም
እንበለ,ብዘይ：ኣሉታ
ለምሐ,ለምዐ
ለስሐ,ጣዕሚ ኣልቦ ኾነ
ለቅሐ,ኣለቅሐ
ለብሐ,ሰርሐ：ዓየየ
ለትሐ,መዓጐ
ለጥሐ,ገበረ:ግብሪ ከፈለ
መልሐ,መቀረ
መስሕ,ምሳሕ ገበረ：ቀብአ
መርሐ,መርሐ
መትሐ,ሰስዐ
መድሐ,ጠሓነ
ሞርቀሐ,ለሓፀ
ሞቅሐ,ኣሰረ
ሞጥሐ,ለበሰ：ተኸድነ
ሞፅሐ,ፀሞቐ
ሠርሐ,ኣቃንዐ：ኣከናወነ
ሠርሐ,ደኸመ：ሰርሐ：ዓየየ
ሠብሐ,ሰብሐ（ንስጋ）
ሣርሐ,ኣብርሀ
ረምሐ,ወግአ
ረቅሐ,ሸኸተ：ወግአ
ረስሐ,ረስሐ
ረብሐ,ረብሐ：ከሰበ
ረውሐ,ቀደደ：ኣንኰለ
ሮሐ,ነሰነሰ：ወልወለ
ረግሐ,ረግሐ：ረገፀ：ነድሐ
ሰብሐ,ኣመስግነ
ሰይሐ,ደረቐ：ጠፍአ：ሓመመ
ሰጥሐ,ሰጥሐ
ሰፍሐ,ዘርገሐ：ሰፍሐ
ሳሕሰሐ,ኣድሓርሐረ
ሴሐ,ወቐጠ：ሰይሐ：ጐድአ
ቀምሐ,ኣፍረየ：ኣንገርገረ
ቀርሐ,ፀንቀቐ：ጨለጠ
ቃርሐ,ቀሓረ：ረሰነ（ንሕማም）
ቄሐ,ቀይሐ
ቄቅሐ,ፈተገ：ቀረፈ：ቀለጠ：ቃቕሐ
በልሐ,በልሐ：በልሕ ኮነ
በጥሐ,በጥሐ
በፅሐ,በፅሐ
በኵሐ,ነፍሐ：ኣንደደ：ፉፍ በለ
ባሕብሐ,ባሕብሐ：ጨነወ
ባልሐ,ኣድሓነ
ተማላትሐ,ብፅፍዕት ተዋቕዐ
ተመላትሐ,ኣጣቕዐ：ተፃፍዐ
ተመክሐ,ተመክሐ：ተጃሃረ
ተሞጥሐ,ተወንዘፈ：ለበሰ：ተኸድነ
ተሠርሐ,ተኸናወነ：ተሠርሐ
ተበውሐ,ሰልጠነ：ተፈቕደሉ
ተባፅሐ,ተሓባበረ：ተራኸበ
ተተዋስሐ,ተደበላለቐ
ተንሐ,ሓጐመ
ተወፅሐ,ተጨነቐ：ኣዕጠጠየ：ኣቕለለወ：ፈሰሰ：ተነፅገ
ተዋክሐ,ተኻትዐ：ተፈኻኸረ
ተዋፅሐ,ተታኅዘ（ብክፉእ ነገር）
ተይሐ,ፈርሐ
ተፃብሐ,ተሓታተተ
ተፃብሐ,ከመይ ሓድርካ ተበሃሃለ
ተፈሥሐ,ተሓጐሰ
ቴሐ,ቈላመፀ
ቶስሐ,ወሰኸ：ሓወሰ
ነስሐ,ተመልሰ:ተጣዕሰ
ነቅሐ,ነቕሐ：ድሓነ：ተንስአ：ተግሀ
ነብሐ,ነብሐ：ነቀወ（ንኸልቢ）
ነፅሐ,ነፅሐ：ደርበየ：ኣውደቐ
ነፍሐ,ነፍሐ
አልሕሐ,ኣተርከሰ：ኣብዝሐ
ኣመልትሐ,ኣመሳቐለ
ኣመርገሐ,ኣንኰርኰረ：መደረጋሕ ገበረ
ኣመዋርሐ,ኣንፈሰ：ንፋስ ሃበ（ብመሽረፈት）
አሜርግሐ/ኣራውሐ,ኣምበድበደ：ኣሽረፈ
ኣስተናፅሐ,ኣፅረየ
አርስሐ,ኣርስሐ
አርሰሐስሐ,ተጠራጠረ
አርሰሐስሐ,ዘረገ
አርሰሐስሐ,ተፋረደ፡ ተፈራረደ .
አርብሐ,ኣርብሐ፡ ኣብዝነ፡ ኣግዝአ፡ ወሰኸ
አቅየሐይሐ,ኣቀያይሐ
አብሐብሐ,ባህብሀ፡ ማይ ኣንጠብጠበ፡ ኣርሓሰ
አብኵሐ,መናፍሕ ነፍሐ
አንኀ,ንድኅሪት በለ፡ ኣንውሐ
አንሰሐስሐ,ኣንቀሳቐሰ፡ ተንቀሳቐሰ
ኣንሰሐስሐ,ኣሰጓጐመ፡ ሰጓጐመ
አንብሐብሐ,ጥብጥብ በለ
አንክሐክሐ,ፈትፈተ
ኣውጽሐ,ኣፍሰሰ፡ ኣለኸ
ኣጸንሕሐ,ኣሸተተ፡ ዕጣን ኣዕረገ
አጽናሐንሐ,ወዝወዘ
ኣጽንሐ,ኣጸበየ፡ ተኃብአ፡ ኣጽንሐ
ከልሐ,ኣእወየ፡ ጨደረ፡ ዓው በለ
ከልትሐ,ኣሠረ
ኰስሐ,ተናጽሐ፡ ሓርአ፡ ሸነ
ኰርሐ,ግድ በለ፡ ገደደ
ወክሐ,ፈከረ፡ ደንፍዐ፡ ኣውክዐ
ወጥሐ,ኰመረ፡ ደርደረ፡ ወጥሐ
ወጽሐ,ኣፍሰሰ፡ ተነፍሐ
ዘልሐ,ጸሞቐ፡ ጀልሐ
ዘርሐ,ነጸገ፡ ኣጠልቀየ
ዘርቅሐ,ነቘተ፡ ካራ ሸኸተ
ዘብሐ,ሓረደ：ሰውአ
ዘንገሐ,ዘንገዐ
ዘግሐ,ዓፀወ：ዘግሐ
ደምሐ,መለኸ፡ መርመረ፡ ገዝአ
ደርግሐ,ደርዐ፡ ወሰነ፡ ሰፈየ
ደቅሐ,ሃረመ፡ ነደለ፡ ጠወየ
ደቅሐ,ባረከ
ገህግሐ,ኣኅደገ፡ ጸጥ ኣበለ
ገርሐ,ገርሐ (ንፈረስን በቕልን)
ገንሐ,ተቘጥዐ፡ ገንሐ
ጠብሐ,ጠብሐ፡ ሓረደ፡ ገፈፈ
ጠንፈሐ,ሕውዝውዝ በለ
ጠፍሐ,ኣጣቕዐ
ጠፍልሐ,መዘነ
ጠፍንሐ,ጨፈነ፡ ዓመተ (ንዓይኒ)
ጸርሐ,ኣእወየ፡ ጨደረ፡ ዓው በለ፡ ጠርዐ
ጸብሐ,ጠለቐ፡ ጸብሐ
ጸብሐ,ገበረ፡ ቀረጸ
ጸንሐ,ጸንሐ፡ ኣድበየ፡ ተኃብአ
ጼሐ,ጸረገ
ፈልሐ,ፈልሐ
ፈርሀ,ፈርሀ
ፈሥሐ,ተሓጐሰ
ፈትሐ,ፈረደ፡ ፈትሐ
ፈጽሐ,ፈንቀለ፡ ፈንጭሐ፡ ሰበረ
ፎሐ,ቈረሰ፡ ገመሰ
በሐ,ከመይ ውዒልካ ኃዲርካ
አሐ,ብዕራይ፡ ላም፡ ዝራብዕ
ከሐ,ኣብቲ፡ ንንየው
ኵሐ,ኲሓ፡ ኦም
ለሐመ,ጸንዐ፡ ለሓመ፡ በርትዐ
ለምለመ,ለምዐ፡ ለስለሰ፡ ለምለመ
ለቀመ,ለቐመ፡ ቈርጠመ
ለተመ,ፈተገ (ንእኽሊ)
ለጐሙ,ለጐመ፡ ዓገተ፡ ከልከለ
ለጐመ,ዓፀወ፡ ለኰተ
ልሕመ,ለሓመ፡ በኣሰ፡ ገደደ
ሐለመ,ሓለመ
ሐመ,ሓመመ
ሐመመ,ተመቕነየ፡ ሓመመ
ሐሠመ,ከፍአ፡ ሓሰመ
ሐርተመ,ተጐሳቘለ፡ ዓበረ
ሐከመ,ወሓለ ኾነ
ሐከመ,ሓከመ፡ ፈዋሳይ ኮነ
ሐደመ,ትኽስ በለ
ሐደመ,መሰለ፡ ምስላ ኣቕረበ
ሐገመ,ሓጐመ
መዐመ,ፈርሀ፡ ተጣዕሰ
ሠረመ,ኣጥሓለ
ሠረመ,ዐዘቕቲ ኾነ
ሤመ,ሸመ፡ መገበ
ረመ,ፈግፈገ፡ ኣጽረየ፡ ዳህመጸ፡ ሓጸበ (ንብራና)
ረቀመ,ጸሓፈ
ረቀመ,ሠኣለ
ረአመ,ነጐደ፡ ዓቢይ ድምፂ ሃበ
ረየመ,ነውኀ
ረገመ,ረገመ
ሰለመ,ሰቐለ፡ ኣማዕተበ
ሰቀመ,ማረኸ
ሰተመ,በጽሐ፡ ኣርከበ
ሰዐመ,ሰዓመ
ሰከመ,ተሰከመ
ሶርኤመ,ለቖታ ኣውፅአ
ሶርየመ,ገፈፈ፡ ቆርበት ኣልፍዐ
ቀለመ,ጸሓፈ
ቀሰመ,ለቐመ፡ ኣረየ
ቀሠመ,ኣመቀረ፡ መቀረ
ቀረመ,ቀረመ
ቀደመ,ቀደመ፡ መርሐ
ቆመ,ቆመ፡ ደው በለ
ብህመ,ዓባስ ኮነ፡ በሃም ኮነ
ተኀረመ,ተሓረመ፡ ተኸልከለ፡ ሕርሚ በለ፡ ሓራም በለ
ተሐድመ,ተፈጥረ፡ ኮነ
ተለመ,ተለመ
ተሰረመ,ኣብ ረግረግ (ታኼላ) ኣተወ
ተሠይመ,ተሠየመ፡ ተሸመ
ተሠጥመ,ተሠጥመ፡ ጠሓለ፡ ሰጠመ
ተሳለመ,ተፋቐረ፡ ተሳለመ
ተርሕመ,መለቘ፡ ተሠርሐ
ተርጐመ,ተርጐመ
ተቀየመ,ተቐየመ
ተቃወመ,ተቓወመ፡ ተኸራኸረ
ተነወመ,ሓለመ
ተነወመ,ተኃብአ፡ ተሠወረ፡ ተቐመጠ
ተከትመ,ተኸትበ
ተደመ,ተደነቐ፡ ተገረመ
ተጸመመ,ተጸመመ፡ ዓቕሊ ገበረ
ተጸትመ,ተሰብረ
ተፈጸመ,ተፈጸመ፡ ተወድአ
ተፈፅመ,ጣዖት ኣምለኸ፡ ኣፉ ተሓትመ
ተፍዕመ,ኰለሰ (ጐረሰ)
ነወመ ኖመ,ደቀሰ
ኀረመ,ኀደገ፡ ኣገልገለ
ኀተመ,ኃተመ
አሕረመ,ሥራሕ ሕጊ ገበረ
ዐለመ,ጸሓፈ፡ መሃረ
አልኰመ,ጸሓፈ፡ ኣውደቐ፡ ተምተመ
አልኰመ,ሃረመ፡ ኣጋጨወ
አመግደመ,መለሰ፡ ኣሰይፉ ኣርኣየ
አስተሐመመ,ኣስናድአ፡ ተግሀ
አስተሐመመ,ሓሰበ፡ ፈተወ
አስተቃሰመ,ፋል ገበረ፡ ጠንቈለ
አረመ,ጻህየየ፡ ኣጽረየ
አርመመ,ስቕ በለ
አቀመ,ኣቖመ
አነመ,ሠርሐ፡ ኣለመ
አደመ,ጸበቐ፡ መልክዐ
አደምደመ,ኃቢሩ ኸደ
አግደመ,ኣጋደመ፡ ንጋድም ከደ
አግደምደመ,ሓለኸ (ንእግሪ)
ከመከመመ,ቈረጸ፡ ከምከመ
ከረመ,ከረመ
ከተመ,ሓተመ፡ ከተመ፡ ብኽታም ሓተመ
ወስከመ,ሓንገገ (ንምራኽ)
ዐቀመ,ፈጸመ፡ ወሰነ፡ ደንገገ
ዐተመ,ተቖጥዐ፡ ሓረቐ
ዐደመ,ኣቋጸረ፡ ዓደመ
ዔመ,ዔመ፡ ደጐለ
ዘንመ,ዘነመ
ዝህመ,ሞቐ፡ ለበጠ
ደልጐመ,ገዓተ
ደምደመ,ጐተነ፡ ዘገፈ
ደክመ,ደኸመ
ደክተመ,ደኸየ፡ ዘኽተመ
ጸገመ,ጸገመ
ዳህመሙ,ኣፍረሰ፡ ደህመመ
ገረመ,ተፈርሀ፡ ገረመ
ገዘመ,ቈረጸ
ገደመ,ቀነነ፡ ዘምበለ
ጐርየመ,ሓጐመ
ጠለመ,ጠለመ፡ ኸድዐ
ጠለመ,ኣብ ቀለም ኣእተወ
ጠጣ፤ በመ,ጠወየ፡ ጠመው
ጠምጠመ,ጠምጠመ፡ ዓመመ
ጠቀመ,ሰፈየ፡ ለገበ
ጠቀመ,ግምቢ ወይ ናሕሲ ሠ
ጠዐመ,ጠዓመ፡ ቀመሰ
ጠላት,ጠቕለለ
ጥዕመ,ጠዓመ፡ መቀረ
ጦጠ,ጠቕለለ፡ ጠምጠመ
ጰስጠመ,ቀደደ
ጰርቆመ,ጸሓፈ
ጸልመ,ጸለመ፡ ጸልመተ
ጸመ,ደረቐ፡ ነቐጸ
ጸመመ,ጸመመ (ንእዝኒ)
ጸተመ,ሰበረ
ጾመ,ጾመ
ፈጸመ,ፈጸመ፡ ጠረሰ፡ ወድአ
ፈፀመ,ዓፀወ፡ ለጐመ፡ ሸፈነ
ፍሕመ,ጐሃረ፡ ፈሓመ
ቅድመ,ቅድም፡ ቅድሚ
ኣመ,ጊዜ፡ በ
ዐቅመ,ክንድዚ፡ ስለ፡ ልክዕ
እመ,ብ፡ በ፡ ካ፡ ከ፡ ምናልባሽ፡ እንተኾነ፡ ሽሕ እኳ
እመ እመ,ቢ፡ እን፡ ብ
እስመ,እሞ፡ ስለ፡ እኳ፡ እዚ፡ ብ፡ ኮ
ከመ,ከም፡ ከምዚ
ከመ፡ ከመ,እና
ክመ,ከምኡ፡ ስቕ ኢሉ፡ ንዘለዓለም
ጽመ,ፈጺሙ፡ እኳ
ፍጽመ,ቅድሚኡ፡ ኣቐዲሙ
ተዐገሠ,ከኣለ፡ ተዓገሠ፡ ዓቅሊ ገበረ
ተግኀሠ,ኣግለሰ፡ ሃደመ፡ ግልል በለ
ነግሡ,ነገሠ
ኀሠ፡ ኀሠሠ,ደለየ፡ መርመረ
ኆሠ,ጸረገ፡ ኣጽረየ (ንርስሓት)
ኣንገስገሠ,ኣነቓቕሐ፡ ኣለዓዓለ
አግኈሡ,ኣልዓለ፡ ኣግለለ
ገኀሠ,ኣተወ
ገንሡ,ኃደረ
ገሠሠ,ዳህሰሰ፡ ተንከፈ፡ ረምሰሰ
ጌረሠ,ሠርሐ፡ ጸመደ
ጌሠ,ገሰገሰ：ኸደ：ገሸ
ለወረ,በስዐ
ለጠረ,መዘነ
ሐሥረ,ሓሠረ፡ ተዋረደ
ሐረረ,ደረቐ፡ ሓረረ
ሖረ,ኸደ፡ ዘመወ
መሀረ,መሃረ
መሐረ,ይቕረ በለ፡ ኃደገ፡ መሓረ
መረ,መረረ
መቆረ,ጠዓመ፡ መቀረ
መበረ,ኰዓተ፡ ባረወ
መተረ,ቈረጸ፡ መተረ
መንገረ,ከኣለ
መከረ,ፈተነ፡ መከራ ኣጽገበ
መከረ,መኸረ፡ መዓደ
መዝበረ,ዓነወ፡ ፈረሰ
መጸረ,ኣዀምስዐ፡ ቆርጠመ
ምህረ,መሃረ
ምሕረ,ኰረየ
ሠምረ,ፈተወ፡ ደለየ
ሠረ፡ ሠረረ,ዘለለ፡ ነፈረ፡ ደየበ
ሠረረ,ተወርወረ፡ ሠረረ
ሠወረ,ኃብአ፡ ሠወረ፡ ከወለ
ሠገረ,ኣሰጐመ፡ ተሳገረ፡ ወተሃደር ኮነ
ሣረረ,መሥረተ፡ ተኸለ፡ ሠርሐ፡ ነደፈ
ሥህረ,በሓተ
ሥዕረ,ለምለመ፡ ለምዐ፡ ሣዕረረ
ሰቆረ,በስዐ
ሰበረ,ሰበረ
ስተረ,ሰንጠቐ፡ ጨደደ፡ ቀረፈ
ሰተረ,ዘርግሐ
ሰዐረ,ሰዓረ
ሰዐረ,ኣፋነወ
ሰክረ,ሰኸረ
ሰዘረ,ሰደረ፡ ሰንዘረ
ሰፀረ,ሰንጠቐ፡ ጨደደ፡ ፈለጸ
ሰፈረ,ሰፈረ፡ ዓቀነ
ስዕረ,ፈወሰ
ቀሐረ,ቀሓረ
ቀመረ,ቈጸረ፡ ቈረጸ
ቀመረ,ኣሰናድኣ፡ ኣዳለወ
ቀመረ,ከፈለ፡ ጋረደ
ቀሠረ,ቀረፈ፡ ቀለጠ
ቀሰረ,ቈጸረ
ቀበረ,ቀበረ
ቀተረ,ዓፀወ፡ ሸጐረ፡ ቐተረ
ቀተረ,ሰሓበ፡ ሸንከረ፡ መዓዘ
ቆጸረ,ቈርጠመ
ቀጸረ,ሓጸረ፡ ቀጸረ
ቀጸረ,ሠርሐ
ቀፈረ,ተጸግዐ
ቆርቆረ,በዝበዘ
ቆርቆረ,ዕግርግር በለ
ቆፀረ,ቈጸረ
ቆረ,ቈረረ፡ ዘሓለ
ቆበረ,ጣቓ ኾነ
በረ፡ በረረ,በረረ፡ ነፈረ
በረረ,ነደለ፡ በረረ
በርበረ,ዘረፈ፡ በርበረ
በኮረ,በኮረ
በደረ,ፈለየ፡ ቐደመ፡ መረጸ
ባህረረ,ባህረረ፡ ብንን በለ
ተሐወረ,ተኃላለፈ
ተኀደረ,ቃል ኪዳን ተኣታተወ
ተመዝበረ,ተበዝበዘ፡ ፈረሰ፡ ዓነወ
ተማዕዘረ,በርሀ፡ ኣሕወዝወዘ
ተሰብረ,ተሰብረ፡ ተሳዕረ
ተሠወረ,ተሠወረ፡ ተኃብአ
ተሥዕረ,ተሳዕረ
ተበኵረ,በዅሪ ኾነ፡ ሓለቓ ኾነ
ተነወረ,ነውራም ኮነ
ተናከረ,ተጻልአ፡ ተፈላለየ
ተናጸረ,ተረኣኣየ፡ ተነጻጸረ
ተዐወረ,ሸለል በለ፡ ኣላገጸ
ተዐወረ,ኣቚሰለ
ተዐዝረ,ስትዅ፡ ዕዝር ኢሉ ኸደ
ተዐዝረ,ሰፈረ፡ ዘለቐ፡ በጽሐ
ተዐዝረ,ተዓዝረ፡ ተዓዘረ፡ ዕዝር በለ
ተዐየረ,ተገበዘ፡ ተዓበየ፡ ተዘወረ፡ተመልሰ
ተከወረ,ዘወረ፡ ተመላለሰ
ተወዐረ,ዕፁብ ዕፁብ በለ፡ ኣድነቐ
ተወዐረ,ተደመመ፡ ተገረመ
ተወከረ,ተቐበለ
ተዘመረ,ተማኅፀነ
ተዘመረ,መስከረ
ተዘከረ,ሓሰበ፡ ዘከረ
ተዘወረ,ተሓለወ
ተዛወረ,ተመላለሰ፡ ተዛወረ
ተዝኅረ,ተጃህረ፡ ተዓበየ፡ ተነይሐ
ተደረ,ተደረ፡ ድራር በልዐ
ተደብተረ,ተተኽለ፡ ተዘርግሐ
ተድኅረ,ንድኅሪት በለ
ተገበረ,ሓረሰ
ተገየረ,ጓና ኾነ
ተጋወረ,ጐረቤት ኮነ
ተጠረ,ተሰከመ
ተጠየረ,ኣማረተ፡ ጠንቈለ
ተጣሐረ,ተሓጻጸበ
ተፃመረ,ሓደ ኾነ
ተፃረረ,ተጻልአ፡ ተፃረረ
ተፅዕረ,ተጨነቐ፡ ተፃዕረ
ነቈረ,ነቘረ
ነበረ,ነበረ፡ ተቐመጠ
ነከረ,ፈለየ
ነዘረ,ወግኣ፡ ተበታተነ
ነዘረ,ኣለኸ፡ ቘርጠመ
ነገረ,ነገረ፡ ኣውረየ
ነጠረ,ነጠረ፡ ብልጭ በለ
ነጸረ,ረኣየ፡ ፈለየ
ነጽረረ,ኸበደ
ነፈረ,ጠጠቐ፡ በሰለ
ንሕረ,ኰረየ፡ ሓርነኸ
ኀሠርሠረ,ከርፋሕ ናብራ ነበረ
ኀበረ,ፋሕፍሐ
ኀብረ,ተኃባበረ፡ ማኅበር ኮነ
ኀንገረ,ሓንገረ
- ኀየረ,በለጸ፡ ሓሸ
ኀደረ,ኃደረ
ኀፀረ,ኃፀረ፡ ከበበ
ኀፅረ,ሓፂር ኮነ
ኀፈረ/ ኀፍረ,ኃፈረ፡ ሓኸ
ኆበረ,ሸለመ፡ ለበጠ፡ ጠለቐ
አኅረ,ኣስዓበ፡ ገበረ
አኅረ,ጸረገ
አኀሠርሠረ,ተወድአ፡ ተሓንኰኸ
ኣኅበረ,ሕብሪ ለኸየ፡ ቀብአ፡ ኣጽረየ
አመሥጠረ,ሠወረ፡ ኣመሥጠረ
አመረ,ኣመልከተ፡ ሓበረ
አመረ,ፈለጠ
አመርዐረ,ኣመቀረ፡ ኣጥዓመ
አመንዘረ,ዘመወ፡ ኣመንዘረ
አመከረ,ፈተነ
አመዝበረ,ዘረፈ፡ ኣፍረሰ
አማኅበረ,ማኅበር ገበረ
ኣማዕረረ,ማዕረረ
ኣማዕዘረ,ኣብርሀ
አምሐረ,ኣጕሃየ
ኣምረረ,ኣምረረ፡ ዓመጸ፡ ተኃላለፈ
ኣምረረ,ኣቃለለ
አሠረ,ኣሠረ
ዐሠረ,ኣቋጸረ፡ ቈጸረ፡ ዓደመ
ዐሠረ,ካብ ዓሠርተ ሓደ ሃበ
አሥመረ,ኣሥመረ፡ ኣገልገለ፡ ኣሕጐሰ
አሥረረ,ሃወኸ፡ ኣውፅኣ
አሥረረ,ኣብረረ
አስቈረረ,ተጸየፈ፡ ፈንፈነ፡ ጸየነ
አስተኀቀረ,ኣቃለለ፡ ኣላገጸ
አስተሐቀረ,ኣታለለ
አስተሐወረ,ተኃላለፈ፡ ኣተኃላለፈ
አስተኀደረ,ኣዳለወ፡ ኣሰናድአ
አስተናበረ,ኣስተናበረ፡ ኣመሓደረ
አስተደኀረ,ኣተኻኸለ
አስተደኀረ,ኣቖመ፡ ኣጽንሐ
አሥገረ,ኣጻወደ
አሥገረ,ኣሥገረ፡ ኣተላለፈ
ዐረረ,ለቐመ፡ ኣረየ
አቊረረ,ኣዝሓለ፡ ኣቝረረ
ዐቈረ,ደለበ፡ ኣከበ፡ ዓቘረ
ዐበረ,ደረቐ፡ ዓበረ
አብሠረ,ኣበሠረ፡ ንብሥራት በለ፡ ነገረ
ዐብረ,ዓበረ፡ ደረቐ፡ ጐደለ
አብደረ,ፈተወ፡ መረጸ
ዐተረ,ዓተረ፡ ጨበጠ
አንከረ,ኣድነቐ፡ ኣገረመ
አንኰርኰረ,ኣንኰርኰረ
አንኰርኰረ,ኣገለባበጠ፡ ወረደ፡ ኣንከራረወ
አንወረ,ኣነወረ
አንዘረ,በገና ሃረመ
አንዘረ,ዘመረ
አንገርገረ,ኣንገርገረ፡ ኣንከባለለ፡ ደርበየ፡ ተንከባለለ
አንጐርጐረ,ኣዕዘምዘመ፡ ኣጕረምረመ
አንጠረ,ኣንጠረ፡ ኰልዐ
ኣንጸረ,ኣቕንዐ፡ ገጹ መለሰ፡ ኣመልከተ፡ ኣውረረ
አንፆረ,ተጨነቐ፡ ተወዛወዘ
አንፆረረ,ኣእወየ፡ በከየ
አንፈረ,ኣንፈረ
አእመረ,ፈለጠ፡ ፈተወ፡ ኣፍለጠ
አውቀረ,ኣውቀረ፡ ሠርሐ
አውተረ,ተግሀ፡ ኣዘውተረ፡ ተኮረ፡ ዘርግሐ
ዐዘረ,ኣብርሀ፡ ዘርዘረ
አዝመረ,ኣመስገነ
አዝመረ,ኣመስከረ
ዐየረ,ነዓቐ፡ ኣላገጸ
ዐየረ,ተጠቓቐሰ
አድኀረ,ኣኸተለ፡ ኣድኃረ፡ ኣስዓበ
አገበረ,(ብግዲ) ኣገበረ፡ ኣገደደ
አግመረ,ከኣለ፡ ተሰከመ
አግረረ,ገዝአ፡ ጸጥ ኣበለ
አግረረ,መርሐ፡ ሰሓበ፡ ጸውዐ
አጥሐረ,ሓጸበ፡ኣንጽሐ
ኣጸረ,ጸሞቐ፡ ኣጽረየ
አጸረ,ሰርሰረ
አጽረረ,ኣሸፈተ፡ ኣኽድዐ
አጽረረ,ኣባኣሰ
አጽበረ,ጭቃ ገበረ
አፈረ,ጸበቐ፡ ሸተተ
አፍቀረ,ፈተወ፡ ኣፍቀረ
ፆረ,ፆረ፡ ዓወረ
ከመረ,ኰመረ፡ ኣከበ
ከረረ,ደረቐ፡ ጠበቐ
ከብረ,ከበረ
ከተረ,ኣቖመ፡ ከልከለ
ከተረ,ከተረ፡ ከለለ
ኰስተረ,ጸረገ፡ ኣጽረየ፡ ኾሳተረ፡ባዶ ገበረ፡ ወድአ
ኰንተረ,መደብ ገበረ
ወሠረ,ገዝገዘ፡ ሰንጠቐ
ወቀረ,ቐረጸ፡ ወቐረ
ወተረ,ገተረ፡ ወጠረ፡ ኣዋጠረ
ወዐረ,ኣድነቐ፡ ዕፁብ በለ
ወዘረ,ለሰነ፡ ለቕለቐ
ወገረ,ሃረመ፡ ወቕዐ
ወገረ,ደርበየ፡ ሰንደወ
ወገረ,ወርወረ
ወፈረ,ወፈረ
ወፈረ,ረጐደ፡ ሠብሐ፡ ገጀፈ
ዘመረ,ኣመስገነ፡ ዘመረ
ዘመረ,መስከረ
ዘርዘረ,በተነ፡ ዘርዘረ
ዘከረ,ዘከረ፡ ጸውዐ
ዘወረ,ዘወረ
ደኀረ,መረቐ
ደኀረ,ፈትሐ
ደመረ,ደመረ፡ ወሸከ፡ ሓወሰ
ደፈረ,ደፈረ
ዴንተረ,ሸምቀቐ
ገብረ,ገበረ፡ ሠርሐ፡ ዓየየ
ገፀረ,ገዓረ፡ ዓው በለ፡ ጨርሐ
ገዘረ,ገዘረ፡ ከንሸበ
ገረ,መረገ፡ ለሰነ
ጐጽፈረ,ሓኸኸ
ጠኀረ,ፃዕደወ፡ ነጽሐ፡ ጸረየ
ጠቀረ,ጠቀረ፡ ጠቐር መሰለ
ጠፈረ,ተትዐ
ጠፈረ,ኣዋቐረ (ንቤት)
ጥሕረ,ኣእወየ፡ ዓው በለ
ጦመረ,ጸሓፈ
ጸሐረ,ሰበረ፡ ቐጥቀጠ
ፀመረ,ንኽልቲኡ ደሪቡ ወግኣ፡ ጸምበረ
ፀበረ,ጭቃ ገበረ፡ ጸብሪ ኮነ
ጸፈረ,ተትዐ፡ ቈነነ
ፆረ,ተሰከመ፡ ፆረ
ፈኀረ,ሓፀየ
ፈርፈረ,ፈርፈረ፡ ፈትፈተ
ፈከረ,ተርጐመ፡ ፈከረ
ፈጠረ,ፈጠረ
ፐፐረ,ሰበነ፡ ኣለኸ፡ ኣብ ቀለም ኣእተወ፡ ኣቒሐ (ፃዕዳ ጭራን ክዳንን)
ምዕረ,ሓደ ጊዜ
አሚረ,ጊዜ
ውእተ አሚረ,በቲ ጊዜ እቲ
ድኅረ,ደኃር፡ንዳኅራይ
ለሐሰ,ተሰደደ
ለቀሰ,በኸየ፡ ኣልቀሰ
ለብሰ,ለበሰ፡ ተኸድነ
ለንጰሰ,ኣብርሀ፡ ኣንጸባረቐ
ለክሰ,ተመሓሓለ
ልሕሰ,ለሓሰ
ሎሰ,ለወሰ
ኀመሰ,ኃሙሽተ ገበረ
ሐመሰ,ሓምበሰ
ሐረሰ,ሓረሰ፡ ጠንቈለ፡ ኣደላደለ፡ ኣሓንቀቐ፡ ተኸናኸነ፡ተዛረበ፡ ኣዋለደ
ሐበሰ,ሓበሰ (ኣብ ቤት ማእሰርቲ ኣእተወ)
ሐንከሰ,ሓንከሰ፡ ተጠራጠረ፡ ተወላወለ
ሐንፈሰ,ተጠራጠረ፡ ተወላወለ
ሐደሰ,ሓደሰ
ሐፈሰ,-ሓፈሰ፡ ዓሞዀ
ሔሰ,ነቐፈ
መሐሰ,ኰዓተ፡ መሓሰ፡ ኣፍለሰ
መለሰ,መለሰ፡ ማሕማሕ በለ
መለሰ,ኣንጸባረቐ
መረሰ,ጸምለወ፡ ተባላሸወ
መረሰ,በስበሰ፡ ረሓሰ
መቀሰ,ፈለየ
መቈሰ,ተጻልኣ፡ ኣግለለ
መንኰሰ,ተፈልየ፡ መንኰሰ፡ ሞተ
መየሰ,ሜስ ገበረ
ሜሰ,ዓደለ
ሞቀሰ,ሓበለ
ሠለሰ,ሠለስተ ገበረ
ረምሰ,ረሓሰ
ረምሰሰ,ረምሰሰ፡ ዳህሰሰ
ረኵሰ,ረኸሰ፡ ረስሐ
ርሕሰ,ረሓሰ፡ ጠለለ
ሮሰ,ወለደ (ንወዲ)
ሰኰሰ,ጐደለ፡ ጸረገ
ሰኰሰ,ተኣከበ፡ ሃደመ
ሰደሰ,ሽዱሽተ ገበረ
ቀሰ,ቀሰሰ፡ ኣገልገለ
ቀርቄሰ,ገበጣ ተጻወተ
ቀደሰ,ኣመስገነ፡ ፈለየ
ቈስቈሰ,ኣሳወረ፡ ቀስቀሰ
ብዕሰ,በኣሰ፡ ገደደ
ተሐበሰ,ተሓበሰ፡ ተኣስረ
ተሐውሰ,ተነቓነቐ፡ ተሓወሰ
ተለሐሰ,ተሰደደ
ተላወሰ,ተንቀሳቐሰ፡ ተላወሰ
ተመርሰ,ማሰነ፡ በስበሰ፡ ቈሰለ
ተቆመሰ,ቆሞስ ኮነ
ተመቈሰ,ተፈልየ፡ ተመንቈሰ
ተመነሰ,ተጻልአ፡ ተኸራኸረ፡ ተማጐተ
ተሞገሰ,ቀራባይ፡ ፈታዊ ኾነ
ተርኰሰ,ወልዐ፡ ኣንደደ
ተቃለሰ,ተቓለሰ
ተበአሰ,ተባኣሰ፡ ተጻልአ
ተተርአሰ,ተተርኣሰ
ተንፈሰ,ተንፈሰ
ተኣንሰሰ,እንስሳ ኾነ
ተኣንበሰ,ኣንበሳ ኾነ
ተኣውሰ,ብገዛእ ርእሱ ተኸበረ፡ ተዓበየ
ተከነሰ,ሓደ ኾነ
ተከወሰ,ተነቓነቐ፡ ተኾሰ
ተዋቀሰ,ተማጐተ፡ ተበኣሰ፡ ተኻሰሰ
ተከውሰ,ተደባለቐ፡ ተናወዐ፡ ተኸውሰ
ተውሕሰ,ተዋሕሰ
ተየከሰ,መርመረ
ተደነሰ,ረኸሰ፡ ኃጥእ ኮነ
ተጰጰሰ,ጵጵስና ተሸመ
ተፀነሰ,ተሸገረ፡ ተጸገመ
ተፀንሰ,ተጸንሰ
ተጸወሰ፡ ተፀወሰ,ልሙስ ኮነ፡ ለመሰ
ተፈርነሰ,ኣዝዩ ጠዓሞ፡ ሓንቀቐ
ተፋለሰ,ከርተት በለ፡ ዘወረ
ተፋለሰ,ተጻልአ፡ ተኸራኸረ
ተፋለሰ,ተፈላለየ
ተፋሰሰ,ዕፃ ተዋደቐ
ታኤሰ,ተገዝአ
ነሐሰ,ናሕሲ ሠርሐ
ነስነሰ,ነስነሰ፡ በተነ (ንሰቲ)
ነቀሰ,ፈለየ
ነፍሰ,ነፈሰ
ንኅሰ,ነጽነጸ
ንእሰ,ነኣሰ
ኀየሰ,ሓሸ፡ በለጸ
ኀይሰ,ኃዘነ፡ ጐሃየ
አሕረሰ,ኣዕበየ፡ ኣሕረሰ
አልኆሰሰ,ሕሹኽ ሕሹዅ በለ
አስተንአሰ,ኣንኣሰ፡ ኣቃለለ፡ ኣጕደለ
አርመስመሰ,ኣዕነይነየ
አርመስመሰ,ሰጐደ
አርመሰሰ,ጸጥ ኣበለ
አበሰ,በደለ፡ ኣበሰ
አናብለሰ,ኣቃጨለ፡ ሃረመ
አንበስበሰ,ተመላለሰ፡ ቋሕ ሰም ኣበለ
አንገሥገሰ,ወዝወዘ
አንፈሰ,ዓረፈ፡ ኣዕረፈ
አንፈሰ,ባህ ኣበለ፡ ተንፈሰ
አክወሰ አኮሰ,ኣኾሰ፡ ኣደባለቐ፡ ሓዋወሰ
አወሰ,ኣደባለቐ፡ ተዓበየ፡ ተጃህረ
አውሐሰ,ኣውሓሰ
አየሰ,ተቐንዘወ፡ ተጨነቐ
አጠሰ,ዕንጥሾው በለ
ኣጰጰሰ,ጵጵስና ሸመ
አጽሐሰ,ኣሸብሸበ፡ ኣስረገጸ
አጽረሰ,ኣጉረፈ፡ ኣሽረፈ፡ ኣጓህመመ
አፍለሰ,ኣፍለሰ፡ ኣግዓዘ
አፍረሰ,ኣፍረሰ፡ ኣዕነወ
ኤሰ,ተዓገሠ
ከልሰሰ,ኰልሰሰ፡ ኣሠረ፡ ኰመረ
ከርተሰ,ጸሓፈ
ከበሰ,ከበሰ፡ ጠምጠመ
ኮሰ,ነቕነቐ፡ ሃወኸ
ኰሰ,ፈለየ፡ ነቐፈ፡ ጸረገ
ኰሰ,ኣጥፍኦ፡ ወረሰ
ኵሕሰ,ሰፍሐ (ስፍሓት ቊስሊ)
ኵሕሰ,ሃገረ፡ ሓርበኛ ኾነ
ወረሰ,ወረሰ
ወቀሰ,ወቐሰ፡ ዘለፈ፡ ነቐፈ
ወደሰ,ኸሰሰ፡ ተዛረበ
ወደሰ,ወደሰ፡ ኣመስገነ፡ ነኣደ
ወጠሰ,ኣንደደ
ወጥሰ,ነደደ፡ ባልባል በለ
ዘልገሰ,ደዌ ሥጋ ሓመመ
የብሰ,ደረቐ፡ ነቐጸ
ደመሰ,ሸፈነ
ደምሰሰ,ደምሰሰ፡ ኣጥፍአ
ደረሰ,ደረሰ(ድርሰት)
ደቀሰ,ደቀሰ
ገሰገሰ,ለሰነ፡ በየደ፡ ደፈነ
ገብሰሰ,ኣረገ፡ ለሰነ፡ ለቕለቐ
ጌረሰ,ኣጻወደ
ጌነሰ,ደኸየ፡ ተሸገረ
ጠረሰ,ጐረፈ፡ ሸረፈ፡ ጓህመመ
ጠቀሰ,ጠቐሰ
ጠብሰ,ጠበሰ
ጤሰ,ተኸኸ፡ ጐሃየ
ጸርሰ,ኳዀየ
ጸብሰ,ሓበጠ፡ ድምብልብል በለ
ጸብሰ,ደኸመ፡ ልሙስ ኮነ
ጸንሰ,ጠነሰ
ጽሕሰ,ኣሸብሸበ፡ ረገጸ
ፈሐሰ,ፈሓሰ፡ ፈተለ
ፈረሰ,ፈረሰ፡ ዓነወ
ፈወሰ,ፈወሰ፡ ኣድኃነ
ፈደሰ,ፈደሰ፡ በጥሐ
ለቀቀ,ኣቆራነየ፡ ኣሠረ
ለቅለቀ,ለቕለቐ
ለቅለቀ,ለበጠ፡ ለበደ፡ በየደ
ለጸቀ,ተጣበቐ፡ ተላገበ
ለጸቀ,ተቐበለ፡ ቈረበ
ለጸቀ,በጽሐ፡ ቐረበ፡ ሓደ ኾነ
ለፈቀ,ተጠራጠረ፡ ተወላወለ
ሌቀ,ሊቅ ኮነ
ልሕቀ,ዓበየ፡ ኣረገ
ሎቀ,ለቐቐ፡ ፈነወ
ሐለቀ,ዘወረ፡ ክቢ ኾነ
ሐልቀ,ተወድአ
ሐመቀ,ሓመቐ፡ ተሳዕረ፡ ከፍአ
ሐቀቀ,ኣደላደለ
ሐብቀቀ,ገፈፈ
ሐብቈቈ,ኣረካከሰ፡ ደባለቐ
ሐንቀቀ,ሸታሕ በለ፡ ዘምበለ
ሐንቀቀ,ሓንቀቐ
ኈለቈ,ቈጸረ፡ ፈቐደ፡ ሓሰበ
በረቀ,በረቐ፡ ብልጭ/ማሕ በለ
ባለቀ,ጨፈረ
መሠቀ,ጸረበ
መቀቀ,ቐለወ፡ ቃዕቃዕ በለ (ንጐረሮ)
መንቀቀ,ዓደለ
መጠቀ,ነውን
ሞቀ,ሞቐ፡ ማሞቘ
ሠዘቀ,ተወልደ፡ ወፅአ
ረቀ,ረቐቐ፡ ቀጠነ
ረፈቀ,ተቐመጠ፡ ኮፍ በለ
ርኅቀ,ረኃቐ
ሰሐቀ,ሰሓቐ
ሰለቀ,ሰለቐ፡ ኣላገጸ
ሰረቀ,ሰረቐ
ሰቅስቀ,ከፋፈለ፡ መስኮት ሠርሐ
ሰነቀ,ሰነቐ
ሰንሆቀ,በጥሐ፡ ጠብሐ
ሰደቀ,ፈለየ፡ ኰልዐ
ሰደቀ,ኣልዘበ፡ ጨፍለቐ
ሰደቀ,ኣልበሰ፡ ከደነ
ሰጠቀ,ሰንጠቐ
ሶቀ,ደገፈ፡ ሓገዘ
ተሐብቈቈ,ተሓዋወሰ፡ ተደባለቐ
ተላጸቀ,ሓደ ኾነ፡ ተላገበ
ተማወቀ,ተማሞቘ
ተሳለቀ,ተላገጸ፡ ተሳለቐ
ተባሕቈቈ,ተጻናበረ
ተአረቀ,ተዓረቐ
ተዐርቀ,ዕራቑ ኾነ፡ ጥራሑ ኾነ
ተዐውቀ,ተፈልጠ
ተዳደቀ,ተጻልአ
ተዳደቀ,ሰዓበ፡ በጽሐ
ተዳደቀ,ተራኸበ፡ ተጋጠመ
ተጠለቀ,ረኸሰ
ተጠወቀ,ተጠወቐ፡ ተጨነቐ፡ ከፍአ
ተጠውቀ,ተጸባበየ፡ ተሓላለወ
ተጣበቀ,ተጣበቐ
ተጸደቀ,ተሓንከረ (መጠቓ
ተጽዕቀ,ተጨነቐ
ነሰቀ,እምኒ ኣንጸፈ
ነደቀ,ነደቐ
ነፈቀ,ከፈለ
ናፈቀ,ተጠራጠረ፡ ተወላወለ
አልጸቀ,በጽሐ
ዐመቀ,ዓመቘ
አሰቀ,ሽቦ ሠርሐ፡ ጠቕለለ
አስተሐመቀ,ኣቃለለ፡ ነዓቐ
አስተማወቀ,ኣማሞቘ
አስተርኀቀ,ኣወገደ፡ ኣርኃቐ
አበቀ,ዓበቐ፡ ሓኸኸ
አነቀ,ኣሠረ፡ ሸለመ
አንጸብረቀ,ኣብለጭለጨ፡ ኣንጸብረቐ
ኣፆቀ,ኣፍለጠ
አዜቀ,ሓኸኸ
አድለቅለቀ,ኣድለቕለቐ፡ ኣናወፀ፡ ኣዕለቕለቐ
አድቀቀ,ኣድከመ፡ ኣድቀቐ
አጠቀ,ዓጠቐ፡ ኣጥቅዐ
አጠቀ,ኣጽንዐ፡ ኣጨነቐ
አጥለቀ,ሰልከየ (ንመግቢ)
አጥመቀ,ኣጥመቐ
አጥረቀ,ኣጻሕጽሐ፡ ጥሪቕ በለ
አጥበቀ,ኣጥበቐ
ከረቀ,ረሓሰ፡ ጠለለ
ወለቀ,ሰለዀ፡ መለቘ
ወሰቀ,ሰሓበ፡ ገተረ
ወረቀ,ጡፍ በለ
ወድቀ,ወደቐ፡ ተሳዕረ
ዐረቀ,ዓረቐ፡ ጠመየ፡ ጠፍአ፡ ባዶ ኾነ
የቀ,ፈለጠ፡ ሓለወ
ዘሐቀ,ገፈፈ፡ ለቖታ ኣውፅአ
ዘረቀ,ወግአ
ዘርዜቀ,ነፈየ (ብመንፊት)
ደመቀ,ጨፍለቐ፡ ወግአ
ደመቀ,ቀጠነ
ደቀቀ,ደቐቐ፡ ለሓመ፡ ወቐጠ
ደቀቀ,ዓበረ
ደቀ፡ ደቀቀ,ቈልዓ ኾነ
ደደቀ,ወግኣ፡ ኃደጋ ኣውደቐ
ደደቀ,ሃንደበት በጽሐ፡ ወደቐ
ጒሕቘ,ጐበጠ፡ ኣረገ
- ጠለቀ,ሰልከየ፡ ጸገበ፡ ተጸየፈ
ጠለቀ,ረከሰ፡ ረስሐ
ጠረቀ,ጻሕጽሐ፡ ውፅኣት ሓመመ
ጠበቀ,ጠበቐ፡ ፈጥረቐ፡ ሓነቐ፡ ኃዘ
ጠንቀቀ,ለክዐ፡ ሰፈረ፡ በጽሐ፡ ተፈጸመ፡ ተጠን
ጠዐቀ,ኣጣበቐ፡ ኣጨነቐ
ጠዐቀ,ተጨነቐ
ጠየቀ,ኣረጋገጸ፡ ተረድአ
ጦቀ,ተጨነቐ
ጸረቀ,ሰንከተ፡ ቈረሰ
ጸንቀቀ,ለወሰ፡ ኣለከ
ፀዐቀ,ተጨነቐ
ጸየቀ,ጸየቐ፡ ኣበላሸወ
ጸድቀ,ጸደቐ
ጸድቀ,ሓቀኛ ኾነ
ጻፈቀ,ዓፀወ፡ ኳነየ፡ ሓጹር ሓጸረ
ጽሕቀ,ተግሀ፡ ቀልጠፈ
ፅዕቀ,ተጨነቐ
ፈሐቀ,ፈሓቘ
ፈለቀ,ፈልፈለ፡ መንጨወ
ፈለቀ,ፈሰሰ
ፈዘቀ,ፈጠረ፡ ኣድኃነ
ፈረቀ,ከፈለ፡ መቚነን ሃበ
ፈዐቀ,ፍልይ ፍልይ በለ
ፍሕቀ,ሰጐጐ፡ ፈለየ፡ ኣባረረ
ሕቀ,ሒደት፡ ንእሽቶ
ጥቀ,ኣዝዩ፡ እኳ፡ ብጣዕሚ
ለሀበ,ሞቐ፡ ረሰነ
ለበበ,ጨመተ፡ ለበመ
ለገበ,ለገበ፡ ሰፈየ
ልህበ,ሞቐ፡ ረሰነ
ሐለበ,ሓለበ
ሐሰበ,ሓሰበ፡ ቈጸረ፡ ፈቐደ
ሐበበ,መስተ ጸመቘ፡ ጸረፈ
ሬብኀበ,መሓለ
ሐንከበ,ሰፈረ፡ ዓሰለ
ሐዘበ,ሓሰበ፡ ቈጸረ
ሐዘበ,ጠርጠረ፡ ኣታለለ
ሐጠበ,ኣረየ (ንዕንፀቲ)
ሐፀበ,ሓፀበ
ሔረበ,ፈሓቘ
ሔበ,ገለለ፡ ቀድሐ
መረበ,ኣጻወደ
መገበ,መገበ፡ ሸመ
ማህበበ,ዓየየ፡ ሠርሐ
ማሕየበ,ቀድሐ፡ ገለለ
ማዕሰበ,ፍቱሕ ኮነ፡ ተፈትሐ
ሤበ,ሸየበ፡ ሰየበ
ረበ፡ ረበበ,ዘርግሐ፡ ነስነሰ፡ ኣግፍሐ
ረከበ,ረኸበ፡ በጽሐ
ረጥበ,ረሓሰ፡ ጠልቀየ
ርሕበ,ገፍሐ፡ ሰፍሐ
ርኅበ,ጠመየ
ሰሐበ,ሰሓበ፡ ጐተተ
ሰለበ,ሰለበ፡ ገፈፈ
ሰረበ,ሰረበ፡ ለሓዀ፡ መዓጐ
ሰበበ,ሰረጸ፡ ፈሰሰ
ሰብሰበ,ብሕጊ ተመርዓወ፡ ኃጥአ
ሰዐበ,ሰዓበ፡ ተኸተለ
ሰከበ,ደቀሰ
ሳሕበበ,ሳሕበበ፡ ሰበበ፡ ሰይሐ
ስዕበ,ረኸሰ፡ ረስሐ
ቀለበ,ገለባበጠ፡ ገላበጠ
ቀረበ,ቈረበ፡ ተቐበለ
ቀርበ,ቐረበ
ቀቀበ,ሰገበ፡ ሰፈር ሠርሐ
ቀንጠበ,ቀንጠበ
ቀጸበ,ጠቐሰ
ቈለበ,ቈረጸ፡ ሰለበ
ቈረበ,ቈረበ፡ ተቐበለ
ተሐሰበ,ተቘጻጸረ፡ ተሓሳሰበ
ተሀበበ,ተጻረፈ
ተሐበበ,ግብሪ ሰዶም ገበረ
ተኀበበ,ወደቐ፡ ሰገደ
ተሐዘበ,ተጠራጠረ፡ ተወላወለ
ተሐዘበ,ተቘጽረ
ተመንደበ,ሰኣነ፡ ደኸየ፡ ተጸገመ፡ ተመንደበ
ተመክዐበ,ተራብሐ፡ ካዕበት ኮነ
ተአፅበ,ተጨነቐ
ተከለበ,ኃለፈ
ተገልበበ,ተሸፋፈነ፡ ተጐልበበ
ተጠበ,ተተናዀለ፡ ተጣበበ
ተጸግበ,ተመንወ፡ ተጸግበ
ነሐበ,ሠርሐ፡ ቀጥቀጠ
ነቀበ,ፈለየ፡ ኣግለለ፡ ተመሥጠ
ነቀበ,ኣፍርሀ፡ ኣሰምበደ
ነበ፡ ነበበ,ተዛረበ፡ ኣንበበ
ነጥበ,ነጠበ
አመክዐበ,ዕጽፍን ድርብን ገበረ
ኣማዕቀበ,ሓደራ በለ፡ ኣማዕቘበ
ኣማዕተበ,ኣማዕተበ፡ ኣመልከተ
ኣሰበ,ዓስቢ ሃበ
አስረበ,ኣስረበ፡ ኣምዓጐ
አስበበ,ሕጉስ ኮነ፡ ወዲቑ ሰገደ
አስተሀበበ,ተጻረፈ፡ ተላገጸ፡ ተጠቓቐሰ
አስተሐበበ,ንበይኑ ጸረፈ (ብትካዘ)
አስተሐዘበ,ከሰሰ፡ ኣኅሊፉ ሃበ
አስተሐዘበ,ኣካፍአ
ዐስተሐፀበ,ተሰቀቐ
አስተራከበ,ኣራኸበ
አስተርከበ,ኣዋሃደ፡ ኣሰማምዐ
አስተርከበ,ሓሰበ፡ ኣስተውዓለ
አስተርከበ,ኣቕረበ
አስተአዘበ,ተጸግዐ፡ ኣጸግዐ
ኣስተአፀበ,ኣደነቐ፡ ኣገረመ
ዐርበ,ዓረበ
ዐቀበ,ዓቀበ፡ ሓለወ
አተበ,ዓተበ፡ ባረኸ፡ ሓተመ
አንበበ,ኣንበበ፡ ተዛረበ
አንጠብጠበ,ኣንጠብጠበ
አውሰበ,ሰበይቲ ኣእተወ፡ ተመርዓወ
አውከበ,ኣድከመ
አውገበ,ኣዀረየ
አውገበ,ሃንደበት ሓደጋ ኣብጽሐ
ኣውጸበ,ቀለቤት ሠርሐ
አዘበ,ጐንጐነ፡ ደገፈ፡ ቈነነ (ንጭራ)
አጸብጸበ,ኣጒሃየ፡ ኣቚሰለ
አጥበበ,ኣራቐቐ፡ ኣጥበበ፡ ኣለበመ
አጸበ,ቀብአ
ዐፀበ,ኣጨነቐ
ኣጸብጸበ,ኣቋራጭ መገዲ ኣውፅኣ
ኣጽሐበ,ነዝነዘ፡ ላሕ ኣበለ፡ ኣሐለለ
ከለበ,ኃለፈ
ከሰበ,ገዘረ፡ ከንሸበ
ከረበ,ሰቐለ፡ ጠልጠል ኣበለ
ከበበ,ሸመ፡ ከበበ
ከብከበ,ጸምበለ፡ ከብከበ
ኰረበ,ጸረበ
ወሀበ,ሃበ፡ መጠወ
ወረበበ,ነስነሰ
ወከበ,መሰለ፡ ተግሀ፡ ተሃወኸ
ዘረበ,ሃረመ፡ ወቕዐ
ዘገበ,ደለበ፡ ከዘነ
የበበ,ዕልል በለ (ዓለለ)
ደበ፡ ደበበ,ዘርግሐ፡ ደበበ
ደብደበ,ጐሃየ፡ ተጣዕሰ፡ ፈርሀ
ደብደበ,ኣድከመ፡ ተጨነቐ
ገለበ,ነገረ፡ ኃዘ
ገለበ,ኀብአ፡ ኣጻወደ
ገለበ,ኣስጐጐ፡ ገለበ
ገልበበ,ሸፈነ፡ ጐልበበ
ጠቀበ,ሰፈየ፡ ለገበ
ጠበ፡ ጠበበ,ብልሂ ጠቢብ ለባም/ወሓለ ኮነ፡ ተጣበበ
ጠበጠበ,ኣተዓራረየ፡ ኣስልሐ
ጠብጠበ,ገረፈ
ጤበ,ቀብአ፡ ኰሓለ
ጤበ,መረገ፡ ኣደንቈረ
ፀሐበ,በስዐ፡ ኣንኰለ
ጸለበ,ሰቐለ፡ ኣንጠልጠለ
ጸረበ,ጸረበ
ጸበ,ጸበበ
ጸአበ,ጸንቀቐ፡ ጨለጠ
ጸወበ,ሰተየ፡ ጸንቀቐ
ጸወበ,ዓበረ፡ ቀጠነ
ጸግበ,ጸገበ
ኀበ,ናብ
በ,እና
ኀበ ኀበ,ብ
በበ,በቢ፡ ነኒ
ዐስበ,ዓስቢ፡ ደመወዝ
ዲበ,ልዕሊ፡ብልዕሊ
ሐለተ,መልመለ፡ ጸንጸለ (ንገረብ)
ሐመተ,ኣፍሓመ፡ ሕመት (ፈሓም) ገበረ
ሐርበተ,መከተ፡ በድሀ
ሐቤተ,ኣገልገለ
ሐብረተ,ወልወለ፡ሰሓለ፡ ኮልዐ፡ በየደ
ሓተተ,መርመረ፡ ሓተተ
ሐዘተ,መደበ፡ መደብ ሠርሐ (ንእዲ)
ሐየተ,ቀበዝበዝ በለ፡ ቀልባዕባዕ በለ
ሀግረተ,ፈጠነ፡ ተሃወኸ
ለተተ,ጸያፍ ኮነ፡ ኰርትዐ
ለግነተ,ገዓተ
መልሖተ,ጸሃየ
መመተ,ተሸበረ፡ ሃደመ
መሥረተ,መሥረተ
መረተ,ኣማረተ፡ ጠንቈለ
መርመተ,ፈላለየ
መጽወተ,መጽወተ፡ ተኾበ
ማህተተ,መስከረ
ማዕረተ,ሸፈነ
ሞተ,ሞተ
ሰለተ ሰሰተ,ተሳለቐ፡ ኣላገጸ፡ ኣቃለለ
ሰንሐተ,በጥሐ፡ ጠብሐ
ሰንበተ,ኣዕረፈ፡ ኣኽበረ
ሰንከተ,ሰንከተ
ሰንጸተ,ኣሰማምዐ፡ ወቀጠ
ሰከተ,ወግኣ፡ ሽኸተ፡ ሸኸለ
ሰክተተ,ሰኽተተ
ሰኮተ,ወልወል ኮነ፡ ጐልጎል ኮነ
ሴረተ,ሸመተ
ስሕተ,ሰሓተ፡ ተጋገየ፡ በደለ
ስኀተ፡ ሰኀተ,ዓረፈ፡ ኣዕረፈ
ሮተ,ወልወለ፡ ኣጽረየ
ቀብተተ,ነፍሐ፡ ተቘብቈበ
ቀተተ,ተመሓሓለ፡ ተወራረደ
ቀነተ,ተዓጥቀ፡ ተቐነተ
በነተ,ገበረ፡ ዕሽር ሃበ
በዘተ,ጨይሐ፡ ፈተገ
ቤተ,ኃደረ
ብሕተ,ሠልጠነ
ቦልተተ,ብልጭ በለ፡ ጽንጽሕለ ኾነ
ተማረተ,ኣጠንቈለ
ተሠይመተ,ሠልጠነ፡ ሥልጣን ረኸበ
ተትሕተ,ትሕት በለ፡ ተዋረደ
ተኣረተ,ተጨናነቐ
ተአግረተ,ፈጠነ፡ ቀልጠፈ
ተከተ,ደኸመ፡ ሰልከየ፡ ደም መርገም ወፅኦ
ተወልበተ,መዓጐ
ተዋከተ,ኣዕረምረመ፡ ኣዕዘምዘመ
ተጋህዘተ,ተቐዳደደ
መጽወተ,መጽወተ፡ ተኾበ
ማህተተ,መስከረ
ማዕረተ,ሸፈነ
ሞተ,ሞተ
ሰለተ ሰሰተ,ተሳለቐ፡ ኣላገጸ፡ ኣቃለለ
ሰንሐተ,በጥሐ፡ ጠብሐ
ሰንበተ,ኣዕረፈ፡ ኣኽበረ
ሰንከተ,ሰንከተ
ሰንጸተ,ኣሰማምዐ፡ ወቀጠ
ሰከተ,ወግኣ፡ ሽኸተ፡ ሽኸለ
ሰክተተ,ሰኽተተ
ሰኮተ,ወልወል ኮነ፡ ጐልጎል ኮነ
ሴረተ,ሸመተ
ስሕተ,ሰሓተ፡ ተጋገየ፡ በደለ
ስኀተ፡ ሰኈተ,ዓረፈ፡ ኣዕረፈ
ሮተ,ወልወለ፡ ኣጽረየ
ቀብተተ,ነፍሐ፡ ተቘብቈበ
ቀተተ,ተመሓሓለ፡ ተወራረደ
ቀነተ,ተዓጥቀ፡ ተቐነተ
በነተ,ገበረ፡ ዕሽር ሃበ
በዘተ,ጨይሐ፡ ፈተገ
ቤተ,ኃደረ
ብሕተ,ሠልጠነ
ቦልተተ,ብልጭ በለ፡ ጽንጽሕለ ኾነ
ተማረተ,ኣጠንቈለ
ተሠይመተ,ሠልጠነ፡ ሥልጣን ረኸበ
ተትሕተ,ትሕት በለ፡ ተዋረደ
ተአረተ,ተጨናነቐ
ተኣግረተ,ፈጠነ፡ ቀልጠፈ
ተከተ,ደኸመ፡ ሰልከየ፡ ደም መርገም ወፅኦ
ተወልበተ,መዓጐ
ተዋከተ,ኣዕረምረመ፡ ኣዕዘምዘመ
ተጋህዘተ,ተቐዳደደ
ተጋሀረተ,ዕግርግር በለ
ተጓትነተ,ተመራመረ፡ ተመርመረ
ነሰተ,ኣፍረሰ፡ ኣዕነወ
ነዐተ,ሰንከተ፡ ቀጨወ
አመርቈተ,ጐተነ (ንጸጕሪ)
አመተ,ኣመተ
አምዐተ,ሚእቲ ገበረ
አስረተ,ተሓቚፈ
አስተተ,ኣቃለለ፡ ነዓቐ፡ ኣጕደለ
አቅተተ,ኣስገረ፡ ዓሣ ገፈፈ
አቤተ,ኣምበርከኸ
ኣቤተ,ኣኅደረ
አትከተ,ኣድከመ፡ አሰልከየ
አትከተ,ሰልከየ፡ ደኸመ
አእተተ,ኣወገደ፡ ኣለየ
አእኰተ,ኣመስገነ
አክሞተተ,ኣኅደረ
አውከተ,ኣውክዐ፡ ዓው በለ
አየተ,ሓበጠ
አየተ,ኣንበረ፡ ኣቐመጠ
ዐገተ,ዓገተ፡ ኸበበ
አጻመተ,ኣጥፍአ፡ ጠረሰ
አጽመተ,ኣጽነተ፡ ባዶ ገበረ፡ ኣጥፍአ
ከሠተ,ገለጸ፡ ከሠተ
ከበተ,ኃብአ፡ ደፈነ፡ ሠወረ
ኰዐተ,ኰዓተ፡ ከበበ
ዘርበተ,ኣንጸፈ
ዘፈተ,ደፍደፈ (ንስዋ)
ዝሕተ,ተጠላለቐ፡ “ጽናሕ ጥራይ” ተበሃሃለ
ደበተ,ተጐምብሐ፡ ከበደ
ደፍነተ,ሰንከተ
ገመተ,ገመተ፡ ቈረጸ
ገብለተ,ደንዘዘ
ገንተተ,ብኃይሊ ተዛረበ፡ ዓው በሊ
ገዐተ,ገዓተ
ጋህረተ,ቐልጠፈ
ጐለተ,ጐለተ (ንጒልቲ)
ጌትነተ,መርመረ
ጸለተ,ሰንከተ
ጸልመተ,ጸልመተ
ጸበተ,መተ
ጸበተ,ሓምበሰ
ፈተተ,ፈትፈተ፡ ቈረሰ
ፈየተ,ዓመጸ፡ ሸፈተ፡ ከድዐ
ህየንተ/ ህየተ,ኣብ ክንዲ፡ ስለ፡ ከም
አንተ,ንስኻ፡ ኣንታ
አያተ,ኣየኖት
ዕሤተ,ስለ፡ ዋጋ
እንተ,ና፡ ብ፡ ናብ፡ እና፡ ዝ፡ ዚ
ውስተ,ውሽጢ፡ ብ፡ ብልዕሊ፡ ናብ
ውእተ,ሽዕኡ
ዘንተ,እዚ
ዛተ,እዚኣ
ይእተ,እቲኣ
ግብተ,ሃንደበት
ጽላሎተ,ከም
ሃይመነ,ተኣመነ፡ ኣመነ
ለሰነ,ኣቀባጠረ፡ ተዛረበ
ለጠነ,ኣመስገነ
ሐልየነ,መማለዲ ሃበ፡ ብላዕ ሃበ
ሐቈነ/ ሐቊነ,-ሓቘነ
ሐበነ,ጠምጠመ፡ ዓመመ
ሐወነ,ዓረፈ
ኀዘነ,ኀዘነ፡ ተቘጥዐ
ሐይደነ,ዓበደ
ሐፀነ,ኣዕበየ፡ ሓፀነ
ሐፈነ,ዝገነ፡ ሓፈነ፡ ሓፈሰ
መሐነ ምሕነ,ኢድ ነሥአ
መቀነ,ተጨነቐ
መነነ,ንዓቐ፡ መነነ
መክነ,መካን ኮነ፡ ባዶ ኾነ
መዘነ,መዘነ
መጠነ,ለክዐ፡ መጠነ፡ ዓቀነ
ማሰነ,ጠፍአ፡ ማሰነ
ማዕዘነ,ሠወረ
ምዕነ,ረግረግ (ሰልሚ) ኾነ
ሰሐነ,ሞቐ፡ ሰሓነ
ሰመነ,ሸሞንተ ገበረ
- ሰሰነ,ሰሰነ፡ በዝኀ
ሰአነ,ሰኣነ
ሰወነ,ለዘየ
ሴነ,ሸነ
ስዕነ,ሳእኒ ገበረ፡ ሳእኒ ወደየ
ረሐነ,ፀዓነ
ረስነ,ረሰነ
ረበነ,መሃረ
ረገነ,ቀዘፈ
ረጠነ,ፈውሲ ገበረ
ራሕበነ,ተፋቐረ
ራጐነ,ብቚሊ ኣብቈለ
ቀነነ,ሥርዓት ገበረ፡ ቀኖና ኃዘ
ቀጠነ,ቐጠነ፡ ረቐቐ
ቀጥነ,ቀጠነ
ቈንቈነ,ቈንቈነ፡ ነቐዘ
– በየነ,ፈረደ፡ ፈለጠ፡ ፈለየ፡ መረጸ፡ ኣመልከተ፡ተመልከተ
በደነ,በድኒ ኾነ
ባሕነነ,ባህነነ፡ ባዕገገ፡ ባከነ፡ ጠፍአ
ተሐነነ,ከኣለ
ተለሰነ,ቐባጠረ፡ ተዛረበ
ተመስከነ,ምስኪን መሰለ፡ ተሸገረ
ተመንገነ,ተመግደረ፡ ተሸገረ
ተመዝገነ,ተመስገነ
ተመየነ,ተተንኮለ
ተሰዐነ,ሣእኒ ወደየ
ተሳነነ,ተጻልአ፡ ተኻሰሰ፡ ተማጐተ
ተቃረነ,ተኸራኸረ፡ ተቓረነ
ተቃዐነ,ተጨነቐ
ተብሕነ,ጠፍአ
ተነ፡ ተነነ,ተነነ፡ ወፅአ፡ ተበተነ
ተንተነ,ሰንከልከል በለ
ተኣየነ,ተኸታተመ፡ ሓለወ
ተከየነ,ተሸፈነ
ተክህነ,ኣገልገለ
ተኰነነ,ተገዝአ
ተኳነነ,ተወቓቐሰ፡ ተዓርቀ፡ ተፈራረደ
ተደየነ,ተገዝአ
ተጸወነ,ተጸግዐ
ተጽዕነ,ተጻዕነ፡ ኣብ በቕሊ ሠረረ
ቴገነ,ጉልቲ ሃበ
ተቶነ,ቶታን ገበረ(ንጥራዝ፡ መጽሓፍ)
አመዝገነ,ኣመስገነ
አምነ,ኣመነ
አስተንተነ,ሓሰበ፡ ኣገልገለ
አርበነ,ፈተገ፡ ቃቕሐ
አእመነ,ኣእመነ
አዕበነ,እምኒ ገበረ
አኮነ,ኣኾነ፡ ገበረ፡ ኣግበረ
አውየነ,ወይኒ ገበረ
ዐየነ,ገምገሙ
አድነነ አጽነነ,ኣዘንበለ፡ ኣድነነ
ዐጠነ,ዓጠነ
አጥነነ,ኣድነቐ፡ ኣበርትዐ
አጽፈነ,ኣቕድሐ
አፍጠነ,ኣፍጠነ፡ ቀልጠፈ
ከደነ,ኸደነ፡ ኣልበሰ
ከፈነ,ሸፈነ
ኮነ,ኾነ
ኮነ,ተሰቕለ (ስንክሳር)
ኰርኰነ፡ ኰርጐነ,ኣከበ፡ ደለበ
ኰነነ,ፈረደ፡ ገዝአ
ወሰነ,ደንገገ፡ ወሰነ
ወጠነ,ጀመረ
ዘገነ,ሓፈሰ፡ ሓፈነ
ዘፈነ,ዘፈነ፡ ሳዕስዐ
ዝኅነ,ጸጥ በለ፡ ሃድአ
ደመነ,ደመና ኾነ
ደመነ,ጸለመ
ደነነ,ተጐምብሐ፡ ድንን በለ
ደየነ,ፈረደ፡ ቐጽዐ
ደፈነ,ደፈነ፡ ቐበረ
ዴገነ,ተኸተለ፡ ሰዓበ
ድኅነ,ደኃነ
ገመነ,ኃጢኣት ገበረ፡ ረኸሰ
ጐሐነ,ዓንገረር በለ፡ ኣዜመ
ጠሐነ,ጠሓነ
ጤገነ,ቀለወ
ፀቈነ,ሓፀረ፡ ገድገደ
ጸቈነ,ጨምጨመ (ንዳስ)
ጸነ፡ ጸነነ,ዘምበለ፡ ዛዘወ
ጸንጐነ,ጨቀወ፡ ጸበበ
ጸንጸነ,ነቐዘ፡ ፈረሰ፡ ጠፍአ፡ዓነወ፡ ተበላሸወ
ፀዐነ,ጸዓነ
ጸፈነ,ቐድሐ
ፈተነ,ፈተነ፡ ኣምከከ
ፈየነ,ገምገመ
ፈጠነ,ፈጠነ
ፈጸነ,ተንቀጥቀጠ፡ ሓመመ
ለነ,ንኣና
መነ,መን
መጠነ,ስለ፡ ክንድዚ ዚኣክል
በይነ,ስለ
ብነ,ኣሎና፡ ብኣና
ንሕነ,ንሕና
አምጣነ,ዚኣክል፡ እሞ፡ ስለ
አነ,ኣነ
ዓይነ,ስለ፡ ኣብ ክንዲ
እምነ,ካብ
እምነ,ኣዴና
እንበይነ,ብዘይ ስለ
ኪያነ,ን ንኣና
መንዝኀ,ሓንቀቐ፡ ተደላደለ
ቀድኀ,ቀድሐ
በዝኀ,በዝኀ
በጥኀ,በጥኀ፡ ጸመመ፡ ኣምበዘ
በኀበኈ,በስበሰ፡ ሸተተ፡ በኵበዀ
ተራኅርኀ,ለውሀ፡ ራኅርኆ፡ ደንገፀ
ተኣይኀ,ተተኰሰ
ተወኀውኆ,ብልጭልጭ በለ፡ ተመላለሰ
ነስኀ,ጨነወ፡ ሸተተ፡ ከርፍሐ
ነኀንን,እኹል ተረፍ ኮነ
ነዝኀ,ነጸገ፡ ነዝሐ
ኖኅ,ነውን
አምኀ,ኢድ ነሥአ፡ ሰላምታ ኣቕረበ
አሰይኀ,ኣሕመመ፡ ኣቚሰለ
አይኀ,ኣጥፍአ፡ ንድኅሪት በለ
ኤኀ,ተኰሰ
ዛኅዝኀ,ሰፈረ፡ ዝያዳ ኾነ
ደኅኀ,ጸንዐ፡ ከነነ፡ ተረረ
ሐስአ,ሓስአ፡ ዘሓለ፡ ሃድአ
ኀሥዐ,ጸጥ በለ
ኀብዐ,ኃብአ
ኀድአ,ኀድአ፡ ጸጥ በለ
ኀጥአ,ኃጥአ፡ሰኣነ
ለምአ,ኣንጸባረቐ፡ በርሀ
ለምዐ,ለምዐ፡ ለምለመ
ለክአ,ሸንከረ፡ ዓቀነ
ላዕልኣ,ጸያፍ፡ ባእባእ፡ ኮልታፍ ኮነ
መልዐ,መልአ፡ ኃዘ
መልዐ,መገዲ ኸደ
መምአ,ተሸበረ፡ ተረበጸ
መርአ,ተተናኸፈ፡ ተዃሸመ
መርአ,ጠወረ
መጽአ,መጽአ
ሜአ,ኣእወየ፡ ነቀወ፡ ሜእ በለ
ሞዐ,ሰዓረ፡ ኣሰነፈ
ሰምዐ,ሰምዐ
ሰምዐ,መስከረ
ሠሥአ,ዘፈነ፡ ሳዕስዐ
ሰስአ,ሰሰዐ
ሠርዐ,ሠርዐ፡ ሓገገ
ሰብዐ,ሾብዓተ ገበረ
ሰክአ,ሸኵዐ፡ ደርደረ
ሰይአ,ብዝሙት ነደደ፡ ነውሪ ነገር ገበረ
ሰጉዐ,ነደለ፡ በስዐ
ሳዕስዐ,መለሰ፡ ተዛረበ
ሳዕስዐ,ቅልጥፍ ቅልጥፍ በለ
ሦዐ,ሓረደ፡ ሠውአ
ረስዐ,ረስዐ
ረስአ,ኣረገ
ረብዐ,ኣርባዕተ ገበረ
ረትዐ,ቀንዐ፡ ረትዐ
ረድአ,ረድአ፡ ሓገዘ
ረግዐ,ረግአ
ረፍአ,ሰፈየ፡ ኣድኃነ፡ ፈወሰ
ቀልዐ,ቀልዐ፡ ገለጸ
ቀርዐ,ብበትሪ ሃረመ
ቀብአ,ቀብአ
ቀንአ,ቀንዐ
ቀውዐ,ቀውዒ ኾነ፡ ቀውዐ
ቀጽዐ,ቀጽዐ፡ ቘረጸ፡ ጎበጠ
ቀጽዐ,ጸረገ
ቄአ,ተፍአ፡ ኣምለሰ፡ ጡፍ በለ
ቈቊአ,ቋዕ ቋዕ በለ፡ ጸጸረ
ቈቊአ,ተወጋግኣ፡ ተበሳስዐ
ቆአ,ጨልግዐ፡ ጨልቅዐ
በልዐ,በልዐ
በቊዐ,ጠቐመ
በጽኣ,ተመባጽዐ
በፅአ,ኸበረ፡ ብፁዕ ኮነ
ቦአ,ኣተወ
ተለምአ,በለጭ በለጭ በለ፡መስመስ በለ
ተላምአ,ተኸናወነ፡ ጸረየ
ተማልአ,ንእግረ መገዱ ወሰደ፡ ተማልአ
ተምዐ,ተቘጥዐ፡ ሓረቐ፡ ነደረ
ተሰብአ,ሰብ ኮነ
ተስዐ,ትሽዓተ ገበረ
ተስዕዐ,ተገፈፈ፡ ተገለጸ፡ ተቐልዐ
ተራድአ,ተሓጋገዘ፡ ተራድአ
ተቀጽአ,ተቐርደደ፡ ተቐጽዐ፡ ተቘርጸ
ተቈጥአ,ተቘጥዐ፡ ሓረቐ፡ ነደረ
ተበውአ/ተባውአ,ተኣታተወ
ተብዐ,በርትዐ፡ ጨከነ፡ ተብዐ
ተንሥአ,ተንሥአ
ተንግአ,ወፅአ
ተወጽኣ,ተወጽዐ፡ ተሳዕረ፡ ተሸነፈ
ተዛውአ,ተጻወተ፡ ኣዕለለ
ተጋብአ,ተኣከበ፡ ተጋብአ
ተጣእጥአ,ተዳለወ፡ ተሰናድአ
ተጣእጥአ,ተበራትዐ፡ ተጸናንዐ
ተጣግአ,ተጣበቐ፡ ጠግአ፡ ተጠቅዐ
ተጸርአ,ተኸልከለ፡ ጠፍአ፡ በኰረ
ተጸንግአ,ተጸግዐ፡ ተጋደመ
ተጸኣጽአ,ኣኽበረ፡ ኣወፃፅአ
ተፀዐፀዐ,ተገዝአ፡ ሰገደ፡ ወፅአ
ተፀዐፅዐ,ኣርከሰ
ተጸውዐ,ተጸውዐ፡ ተሰይመ
ተጻብኣ,ተጻልአ፡ ተጻብአ
ተጻእጽአ,እንእስ በለ
ተጻእጸአ,ኣጒደለ
ተፈግአ,ባህ በሎ፡ ተሓጐሰ
ተፍአ,ተፍአ፡ ኣምለሰ
ነሥአ,ወሰደ፡ ኃዘ
ነቅዐ,ነቕዐ፡ ተሰንጠቐ፡ ተተርተረ
ነትዐ,ነትዐ፡ ሃደመ፡ ተሰነፈ
ነዝዐ,መሓወ፡ በርቘቘ(ንመስማር)
ነድአ,ኰብኰበ፡ ከብከበ
ነድአ,ጐስጐሰ፡ ኣሃወኸ፡ ኣቐልጠፈ
አመልአ,ዕዝር ኢሉ ኸደ
አመንትኣ,ሓኸኸ
ኣመግዝአ,ኣሥብሐ (ንብዕራይ፡ ንላም)
አምዕዐ,ኣበሳጨወ፡ ኣቘጥዐ፡ ኣሕረቐ
አምዕዐ,ነዓቐ፡ ፈርሀ
አስተላክአ,ኣጋጠመ፡ ኣራኸበ
አስተላክአ,ኣተኃኃዘ
አስምዐ,ኣስምዐ፡ ኣመስከረ
አስተማጽአ,ጠቐሰ፡ ስሓበ፡ ጐተተ
ኣስተብቊዐ,ለመነ፡ ማለደ
አስተብፅዐ,ኣመስገነ፡ ብፁዕ በለ
አስተብፅዐ,ኣድነቐ፡ ኪድነቕ ገበረ
አስተናሥአ,ኣለዓዓለ
አስተናጒዐ,ኣንጕዐ (ኣንጕዕ ካብ ዓፅሚ)
አስተንድአ,ብግዲ ወሲኹ ወሰደ
ኣስተአ,ገበረ፡ ገጽ በረኸት ሃበ
አቀምጥአ,ተሸመ፡ ኣመካነየ
አቀምጥአ,ኣቘምጥዐ፡ ለወሰ
አብኀአ,ኣብኵዐ፡ ኣብሓቘ
አንሳአስአ,ኣፍልሐ
አንብዐ,ነብዐ፡ ኣልቀሰ፡ በኸየ
አንትዐ,ኣንትዐ፡ ቀደደ፡ ኣህደመ
አንጒዐ,ሰበረ፡ ኣንጕዐ
አንጠአጥአ,ጣዕጣዕ በለ፡ ለወሀ፡ ተሃወኸ፡ ሰምበደ
አንጦልዐ,ጋረደ
አውሥአ,መለሰ፡ ተዛረበ፡ ኣውሥአ
ኣውክአ,ኣሰልከየ፡ ኣድከመ፡ ኣውክዐ
አውፅአ,ኣውፅአ
ኣይኅአ,ወረደ፡ ኣውረደ፡ መጽአ
አይድዐ,ነገረ
አድምዐ,ኣድምዐ፡ ረኸበ
አግብአ,ኣኅሊፉ ሃበ፡ ሸጠ
አግብአ,መለሰ፡ ኣእተወ
አጣእጥአ,ቀመመ፡ ኣመቀረ፡ ኣሰናድአ
አጸንግአ,ኣጸግዐ፡ ተጸግዐ
ኣጸኣጽአ,ኣኽበረ፡ ተከናኸነ
አጽምዐ,ጽን በለ
አጽርአ,ኣብኰረ፡ ሥራሕ ኣትረፈ
አጽንዐ,ኣጽንዐ፡ ኣበርትዐ፡ ኣጠናኸረ
ከልአ,ከልአ፡ ከልከለ
ከልዐ,ክልተ ገበረ
ከፍአ,ከፍአ
ኰርዐ,ሃረመ፡ ወቕዐ
ወቅዐ,ወቕዐ፡ ሃረመ
ወቅዐ,ቈረጸ
ወውዐ,ፈከረ፡ ዓው ኢሉ ጨፈረ
ወድዐ,ወድአ፡ ፈጸመ
ወድአ,ቀረበ
ወግአ,ወግአ
ወግአ,መገበ (ንሕፃን ጸባ)
ወፅአ,ወፅአ
ወጽኣ,ሰዓረ፡ ድል ረኸበ፡ ተዓወተ
ዘርአ,ዘርአ
ዘብአ,ዘምብዐ፡ ዘምበለ
ዘንግዐ,ዘንግዐ
ደርዐ,ጨከነ፡ ከኣለ
ደርፍአ,ደርዐ (ንድርዕቶ)
ደፍአ,ደፍአ፡ ገልበጠ፡ ገምጠለ
ገምዐ,ነጸየ
ገምአ,ላጸየ፡ ቘረጸ
ገብትአ,ሰዓረ፡ ገልበጠ፡ ገምጠለ
ገብአ,ተመልሰ
ገብአ,መለሰ
ገብአ,ተታኀዘ
ገብአ,ጀመረ
ገብአ,ኮነ
ገብአ,ወደቐ፡ ተደርበየ
ገዝአ,ገዝኣ፡ ተሻየጠ
ገዝዐ,ፈለየ፡ ኣብ ክልተ ኸፈለ፡ ተርተረ
ገፍአ,ገፍዐ፡ ደፍአ፡ በደለ
ጐሥዐ,ጐሥዐ፡ ተዛረበ
ጐሥዐ,ገንፈለ፡ ፈልሐ
ጐንአ,በረኸ፡ ኮመረ፡ ጐንዐ
ጐድአ,ሃረመ፡ ወቕዐ፡ ተንከየ፡ ተንከፈ
ጐጒአ,ተሃወኸ፡ ተረበጸ
ጠልዐ,በቘለ
ጠልዐ,ዓበየ ነውኀ
ጠምዐ,ኣለኸ፡ ጠምዐ
ጠርዐ,ጠርዐ፡ ኣቤት በለ፡ ተማኅፀነ፡ ይግባይ በለ
ጠቅዐ,ደወለ፡ ሃረመ፡ ነፍሐ፡ ኣጣቕዐ
ጠብዐ,ጨከነ፡ ጸንዐ፡ ጠብአ
ጠውአ,ኣንኣሰ
ጠግዐ,ጠግዐ፡ ተጸግዐ
ጠግዐ,ደረቐ፡ ተጣበቐ
ጠፍአ,ጠፍአ
ጣእጥአ,ሠርሐ፡ ጸበቐ፡ መቀረ
ጣዕጥኣ,ቅልጥፍጥፍ በለ
ጤአ,መረገ፡ ደፈነ
ጦአ,ነፈገ፡ በቐቐ፡ ሰስዐ
ጦአ,ኣንኣሰ
ጸልአ,ጸልአ
ጸልዐ,ቈሰለ
ጸምዐ,ጸምኣ
ጸርአ,ኣቋረጸ፡ ሓጐለ፡ ዓየነ፡ ዛወነ
ጸርአ,ተሓጒለ፡ በኰረ
ጸብአ,ጠፍአ፡ ተሓጒለ
ጸብዐ,ተጻልአ፡ ተጻብአ
ጸንዐ,ጸንዐ
ጸንኣ,ኣጸናንዐ፡ ኣተባብዐ፡ ተስፋ ሃበ
ጸንጕአ,ተጸግዐ
ጸውዐ,ጸውዐ
ጸፍዐ,ጸፍዐ (ብጽፍዒት ሃረመ)
ጻዕአ,ብልጭ በለ፡ ማሕ በለ
ጸዕፅዐ,ኣቘልዐ፡ ኣበርዓነ
ጌአ,ሓሸከ፡ ጨነወ፡ በድበደ
ጌአ,ፈርፈረ፡ ቈራረሰ
ፈርግዐ,ዓተረ
ፈቅአ,ገመሰ፡ ሰንጠቐ፡ መቐለ፡ ፈግአ
ሐነከ,ሓፈረ፡ ሓነኸ
ሐነከ,ሃበ፡ እንካ በለ
ሐከከ,ተኸራኸረ
ኄከ,ሓየከ
ሆከ,ሃወኸ
ለአከ,ለኣኸ
ለከከ,ጸሓፈ
ለሐኰ,ፈጠረ፡ ገበረ፡ ሠርሐ
መሐከ,ራኅርኅ፡ ለውሀ
መሐኰ,ተመላለሰ
መለከ,መለኸ፡ ገዝአ፡ ሠልጠነ
መሰከ,መጠጠ፡ ገተረ
መሰከ,ኣቕረበ
መሰከ,ኣቕጠነ
መኣከ,ተቘጥዐ፡ ሓረቐ
ማኅረከ,ማረኸ
ምሕከ,ረኣየ፡ ሓለወ፡ ኣንጽሀ፡ ራኅርኅ
ምዕከ ንዕከ,ከፍአ፡ ጸወገ
ሤረከ,ብልህ ኾነ
ሰበከ,መሃረ፡ ሰበከ
ሰበከ,ጣዖት ሠርሐ፡ ቀረጸ
ስህከ,ሓኸኸ፡ ሻሕረመ
በረከ,በሮኸ፡ ተምበርከኸ
በተከ,በተኸ፡ ቘረጸ
በከ፡ በከከ,ከንቱ (ብላሽ) ኮነ
ባረከ,መረቐ፡ ኣመስገነ
ባረከ,ጸረፈ፡ ረገመ
ተመልአከ,ሐለቓ ኾነ
ተዐረከ,ዓርኪ ኾነ፡ ተዓራረከ
ነሰከ,ነኸሰ
ነክነከ,ወዝወዘ፡ ነቕነቐ
ነክነከ,ጐስጐሰ፡ ደፋፍአ
ንህከ,ኣስተውዓለ
ንሕከ,ላሕ ኣበለ፡ ተጨነቐ
አምለከ,ኣምለኸ
አስመከ,ተጸግዐ፡ ተደገፈ
አስተብረከ,ተንበርከኸ፡ ሰገደ
አስተፍነከ,ሰጐደ፡ ኣፍ ልቢ ወቕዐ
አውከከ,ኣድኃርኃረ፡ ወፅአ
አውከከ,ኣጥፍአ፡ ኣፈራርሀ
አውከከ,ኣጒደለ፡ ኰረየ
ወሐከ,ኣለዓዓለ
ወሐከ,ተበሳጨወ
ወሰከ,ወሸከ
ደረከ,ደረኸ፡ ከፍአ፡ ጸንዐ
ደነከ,ዘልዘለ (ንሥጋ)
ድኅከ,ደኃኸ፡ ደኝኸ
ጐነኰ,ጐዀ፡ ኣግዓዘ
ፈለከ,ፈጠረ
ፈለከ,ከፈለ
ለከ,ንኣኻ፡ኣሎካ
ብከ,ብኣኻ፡ኣሎካ
እስከ,ክሳዕ፡ ክሳብ
እንከ,ብፍጹም
ኪያከ,ንኣኻ
ሀለወ,ነበረ፡ ኣሎ
ሐለወ,ሓለወ፡ ጓሰየ
ሐሰወ,ሓሰወ
ሐረወ,በስዐ፡ ኣንኰለ
ሐረወ,ቀረጸ
ሀበወ,ዛዕዛዕታ ኾነ፡ ህቦ ኾነ
ሐተወ,በርሀ
ሐይወ,ደኃነ፡ ሓወየ፡ ነበረ
ሐጸወ,ሰለበ፡ ቈረጸ
ሐፈወ,ረሃጸ፡ ደኸመ
ኄረወ,ለጋስ ኮነ፡ ለገሰ፡ ለውሀ
ለሀወ,በኸየ፡ ኣልቀሰ
ለቀወ,ኣፉ ኸፈተ፡ ኣምባሃቘ
ለበወ,ለበመ፡ ኣስተውዓለ
ለከወ,ፈዘዘ፡ ባዕዘዘ (ንዓይኒ)
ለወወ,ተኮረ፡ ደፈረ፡ ከፍአ
ለውለወ,ኣምባሃቘ
ለውለወ,ለውለወ፡ መልሓሱ ኣውፅአ
ላህለወ,ከርፈስ ሠርሐ
ሎለወ,ሎለወ፡ መድፈና ገበረ
ሎለወ,ለብለበ፡ ፈለየ
መሐወ,ቀጸየ፡ መሓወ፡ ሓሰየ
መስወ,መሸኸ፡ ፈርሀ
መረወ,መረወ፡ ረበበ (ንቤት)
መንሰወ,ጠፍአ፡ ዕዋኖ ዝዋኖ ኾነ
መንሰወ,ብኽፉእ ፈተነ፡ ጠፍአ
መካዕለወ /መኳዕለወ,ዓጸደ
መጠወ,ሃበ፡ መጠወ
መጸወ,መጸጸ፡ ሓገየ
መጽለወ,መጽለወ፡ ቀምሰለ
ማለወ,ሸፈነ
ምህወ,መሸከ
ሰሰወ,መገበ
ሰረወ,መሓወ፡ ነቐለ
ሰንቀወ,በገና ወይ መሰንቆ ሃረመ
ሰውሰወ,መሣልል (መደያይቦ) ሠርሐ
ሰካዕለወ,ቈጥቈጠ
ሥህወ,ጐተተ፡ ሰሓበ፡ ሰሓወ
ስሕወ,ሰሓወ፡ ተሳሕበ፡ ተጐተተ
ረበወ,መሃረ
ርኅወ,ሸተተ፡ መዓዘ
ቀለወ,ቐለወ
ቀስተወ,ስሓበ፡ ገተረ
ቀበወ,ከብዲ ነፍሐ
ቀተወ,ገበረ (ግብሪ ከፈለ)
ቀነወ,ሸንከረ፡ ወግአ
ቀደወ,ቀደወ፡ ጸረየ፡ ጸበቐ
በቀወ,ፈለየ፡ ቈረጸ፡ ፈለጸ፡ ሰበረ፡ ሰንጠቐ
በድወ,ምድረ-በዳ ኾነ፡ ባደመ
በፀወ,በጽበጸ
ዐጸወ,ትኽስ በለ፡ ደቀሰ
ቤዘወ,ተበጀወ፡ ኣድኃነ
ተሐመወ,ሓሙ ኾነ
ተኀረወ,ለጋስ ኮነ፡ ለውሀ፡ ራኀርሀ
ተለወ,ተኸተለ፡ ሰዓበ
ተመርዐወ,ተመርዓወ
ተመንሰወ,ተጠፋፍአ፡ ተፈተነ
ተመድለወ,ተገበዘ
ተመጠወ,ተዋህበ፡ ተቐበለ፡ ተመጠወ
ተማህከወ,ደንገፀ
ተሠርገወ,ተሰለመ፡ ኣጌጸ
ተሰነአወ,ተሰማምዐ
ተሠገወ,ሥጋ ለበሰ
ተሰጥወ,መለሰ
ተሰፈወ,ተስፋ ገበረ
ተስቆቀወ,ደረቐ፡ ቃዕቃዕ በለ(ንማይ)
ተርኅወ,ተራኅወ፡ ተኸፍተ
ተቀሐወ,ተኸራኸረ፡ ተፈኻኸረ
ተቀልወ,ተቐልወ፡ ተጠብሰ
ተቀነወ,ተሸንከረ፡ ተወግአ
ተቀናደወ,ተፈኽነነ
ተባሕተወ,ባሕታዊ ኾነ፡ ንበይኑ ኾነ
ተናቀወ,ተናቓነቐ፡ ተናቐወ
ተንሐወ,ተሓጕመ
ተንሕወ,ተሓጒመ
ተኣኀወ,ኣኅዋት ኮነ፡ ተዋኀወ
ተዐልወ,ተተርጐመ፡ ተገምጠለ
ተዐደወ,ተኃላለፈ፡ ተሳገረ
ተዐፀወ,ዕፃ ተዋደቐ
ተዐፅወ,ተዓፅወ (ንማዕፆ)
ተኬነወ,ብልሓተኛ ኾነ፡ ተባላሓተ
ተወልተወ,መከተ፡ ተሰለፈ፡ ተኻላኸለ
ተደለወ,ተዳለወ፡ ተሰናደወአ
ተደናጸወ,ተናፈገ
ተገጸወ,ገጽ ንገጽ ተራእየ
ተጐናደወ,ተዓናቐፈ፡ ተጐናደበ
ተጓሕለወ,ተጻልአ፡ ኣታለለ
ተጓህነወ,ምሥጢር ተርጐመ
ተጻገወ,ብልግሲ ተወሃሽበ
ነቀወ,ነቀወ
ነበርጸወ,ሞቐ፡ ተኰሰ (ንረስኒ)
ነዐወ,ሃደነ
ኖለወ,ሓለወ፡ ጓሰየ
ኖተወ,ሓምበሰ
ዐለወ,ዓለወ፡ ዓመጸ፡ ገበነኛ ኾነ
ዐለወ,ሸፈተ፡ ኸድዐ፡ መቓልሕ ኮነ
አልወ,ተርጐመ፡ ገምጠለ
አልወ,ሓላዊ ኣፍ ደገ ኾነ
አልከወ,ኣፍዘዘ
አመስነወ,መስኖ ኣስተየ
አመስከወ,ኣመዅስዐ
አመንሰወ,ኣጥፍአ፡ ፈተነ
አመንተወ,ኣመንተወ፡ ማንታ ገበረ
አመድለወ,ግብዝ ገበረ፡ ኣቐምሰለ
አስሐወ,ኣውፅኣ
አስቆቀወ,ቆዘመ፡ በኸየ
አስተሐየወ,ቀጸለ
አስተሐየወ,ኣጋጠመ፡ በየደ፡ ኣልሓመ
አስተዳለወ,ኣዳለወ፡ ኣሰናድኦ
አስተጓህነወ,ምሥጢር ተርጐመ
አስተጓህነወ,ምሥጢር ነገር ኣስምዐ
አስፈርለወ,መዘነ
አስፈዔርለወ,ደለበ፡ ከዘነ፡ ኣከበ
አስፈድለወ,ዕጽፊ (ድርብ) ገበረ
አስፌድለወ,ቈጥቈጠ
አረወ,ኳሕኵሐ
አርኀወ,ኸፈተ፡ ኣርኃወ
አቀምጠወ,ተለመ፡ ኣከናወነ፡ ኣመዓራረየ
ኣቅተወ,ግብሪ ኣኽፈለ
አብቀወ,ኣፉ ኸፈተ፡ ኣምባሃቘ
አብቀወ,ከፈተ፡ ሃህ ኣበለ
አተወ,ኣተወ
ኣቴክለወ,ሃታሃታ በለ፡ ተብተብ በለ
አናሕሰወ,ኣቃለለ፡ ኣናሕሰየ
አንሳሕለወ,ጸምለወ፡ ቐምሰለ
አንሶሰወ,ተመላለሰ፡ ኣመላለሰ
አንቃዕደወ,ኣንቃዕረረ፡ ናብ ላዕሊ ጠመተ
አንባሕቀወ,ኣምባሃቘ፡ ኣፉ ኸፈተ
አንጐገወ,ቀበዝበዝ በለ፡ ቀልብዐ
ኣዕለወ,ፈለየ፡ መለሰ
ኣዕለወ,ተርጐመ፡ ገምጠለ
አውለወ,ተምበልበለ
አውየወ,ኣእወየ
ዐደወ,ተሳገረ፡ ረገጸ
አድለወ,ኣዳለወ፡ ኣድለወ
አጥዐወ,ኣማረተ፡ ጠንቈለ
አጥዐወ,ጣዖት ኣምለከ
ዐፀወ,ዓፀወ
ከዐወ,ከዐወ፡ ኣፍሰሰ
ከወወ,ቀልጠፈ፡ ሰለጠ
ኮከወ,ኮኸወ፡ ኳዀየ
ኳለወ,ዓጸደ
ወልተወ,መከተ፡ ተኸላኸለ
ወረወ,ወርወረ፡ ደርበየ፡ ሰንደወ
ወርዘወ,ጐበዘ፡ ወርዘየ
ወይለወ,በከየ፡ ኣልቀሰ፡ ወይለይ በለ
ዘመወ,ኣመንዘረ፡ ዘመወ
ዘረወ,ዘረወ፡ ፋሕ ኣበለ
ዜነወ,ኣውረየ፡ ነገረ፡ ሰበኸ
ደለወ,መዘነ
ደለወ,ተገብአ
ደለወ,ተመሽአ፡ ተሰማምዐ
ደመወ,ደመየ፡ ደም ወፅአ
ደንቀወ,ጸመመ
ደንጸወ,ደንጸወ፡ ነፈገ፡ በቐቐ
ገለወ,ጸልመተ፡ ሸፈነ
ገነወ,ጣዖት ሠርሐ፡ ገነወ
ገጸወ,ገለጸ፡ ገጽ ንገጽ ኣረኣኣየ
ጎገወ,ሰሓተ፡ ተጋገየ (ንመገዲ)
ጓሕለወ,ኣታለለ፡ ጠበረ (ጕሒላ)
ጠበወ,ጠበወ
ፀሐወ,ኣእወየ፡ ጨርሐ፡ ጨደረ
ፀቀወ,መቀረ፡ ወለላ ኾነ
ፀቀወ,ሸንከረ፡ ጨፍለቐ፡ ወግአ
ፃመወ,ደኸመ፡ ፃመወ
ፃዕደወ,ፃዕደወ
ፄወወ,ማረኸ
ፄነወ,ጨነወ፡ ሸተተ
ጸለወ,ጽን በለ፡ ተጸናጸነ
ጸለወ,ጸለወ፡ኣብሰለ
ጸልሐወ,ሓሰወ፡ ከድዐ፡ ቀምሰለ
ጸመወ,ደረቐ
ጸበወ,ሓበጠ
ጸንጰወ,ቀጥቀጠ፡ ጠወየ
ጸገወ,ጸገወ፡ ሃበ
ጸገወ,ይቕረ በለ
ጽሕወ,ነቕሐ፡ ተግሀ
ጽሕወ,ገለጸ፡ በርሀ
ፈለወ,ፈለየ
ፈተወ,ፈተወ፡ ተመነየ፡ ፈቐደ
ፈተወ,በሃገ፡ ሃረር (ቅኒን) በለ
ፈነወ,ኣፋነወ:ለኣኸ
ለዝለዘ,ሓመመ
ሎዘ,ጠምዘዘ
ሐልዘዘ,ኣፍረየ
ሐመዘ,መረዘ፡ ሰመመ
ሐበዘ,ሰንከተ
ሐወዘ,ጠዓመ፡ ጸበቐ፡ መልክዐ
ሐወዘ,ፍንትት በለ
ሬዘዘ,ተዀሓሓለ፡ ተጸባበቐ
ኀዝኀዘ,ሰልሚ (ረግረግ) ኮነ
መሐዘ,ጐበዘ
መቕለዝ,ጸረበ
መንዘዘ,መንዘዘ፡ ተቕበዝበዘ፡ ላሕ ኣበለ
መዝመዘ,ሓሰየ፡ ደረዘ፡ ማዘወ
ምዕዘ,መዓዘ፡ ሸተተ
ሰመዘ,መሓወ (ንዝተተኽለ)
ሰመዘ,ደፍአ
ሰኮዘ,ወግአ
ረገዘ,ወግኣ፡ ተኸለ
ረገዘ,ኣቖመ
ሮዝ,ወልወለ
ቀዘ,ጐደለ
ቈለዘ,ቈጥቈጠ
በለዘ,በለዘ፡ ጸንዐ
በዝበዘ,በዝበዘ
ተሐገዘ,መልሕቅ ኣውረደ
ተሐገዘ,ተረዳድኣ፡ ተሓጋገዘ
ተመርኰዘ,ተመርኮሰ
ተኣረዘ,ተኸደነ፡ ለበሰ
ተዐንበዘ,ኣንበዘ፡ ልቢ ሰአነ
ተከዘ,ተከዘ፡ ኃዘነ፡ ጐሃየ
ተገአዘ,ተጻልአ
ተፈርዘዘ,ነተጐ፡ ተፈታትሐ፡ ተፈንጀረ
ተፈርዘዘ,ሐንቀቐ፡ ተፈስሐ
ተፈርዘዘ,ጠፍአ፡ መዓጐ (ንተኽሊ)
ነቅዘ,ነቐዘ
ነዝነዘ,ነዝነዘ፡ ወዝወዘ
ናዘዘ,ናዘዘ፡ ኣጸናንዐ
አኀዘ,ጀመረ፡ ኃዘ
አኀዘ,ቈጸረ
ኣኅዘዘ,ድግስ ደገሰ፡ ተሰርነቐ
አኀዘዘ,ምዑግ ወይ ጐርዳዕ ኣበለ (ማቴ. ፳፯፥፵፰)
አመንዘዘ,መኛካ ኾነ፡ ላሕ ኣበለ
አመንዘዘ,ኣጥፍአ፡ ኣጨነቐ፡ ሃረመ
ኣምዐዘ,ኣምዓዘ፡ ሸተተ፡ ኣመቀረ
ኣስተመኀዘ,ኣጻወተ
አስተአኀዘ,ኣጽንዐ
ኣስተአኀዘ,ኣተኃኃዘ
አስኦዘዘ,ኣደንዘዘ፡ ግንብንብ በለ
አስወዘዘ,ተቕበዝበዘ
አረዘ,ኣልበሰ፡ ከደነ፡ ለበሰ
አቅዘዘ,ኣፍዘዘ፡ ኣዝሓለ
ኣኅበዘ,ባነነ፡ ኣምበዘ
ዐንበዘ,ተቕበዝበዘ፡ ተሃወኸ
አውኀዘ,ኣጸበቐ፡ ኣሰማምዐ፡ ኣውኃዘ
አውገዘ,ኣውገዘ፡ ፈለየ፡ ገዘተ
ኣዘዘ,ኣዘዘ፡ ተዛረበ፡ ኣጽንዐ
አግዐዘ,ኣግዓዘ
ኣግዐዘ,ናፃ ኣውፅአ
አግዘዘ,ኣጕደለ
አፈርዘዘ,ኣጥፍአ፡ ኣሓንቀቐ
ከረዘ,ሰቐለ
ኮበዘ,ሰንከተ
ወጥለዘ,ቘረጸ፡ ጸረበ
ውኅዘ,ኃዘ፡ ፈሰሰ
ደንበዘ,ደገፈ፡ ኃገዘ
ደንዘዘ,ደንዘዘ፡ ደንቆረ
ደንገዘ,ቈነነ (ንጸጒሪ)
ገነዘ,ግነዘ
ገአዘ,ነቐፈ፡ ጸረፈ
ገዐዘ,ገዓዘ፡ ካብ ቦታ ናብ ቦታ ተጓዕዘ
ግዕዘ,ናጻ ወፅአ
ግእዘ,ተኸራኸረ
ግዕዘ,ተጓዕዘ
ጠረዘ,ጠረዘ (ንመጽሓፍ)
ፈርዘዘ,ኣፍረየ፡ ፈረየ
ፈርዘዘ,ሓንቀቐ
ፎዘ,ወልወለ፡ ጸረገ፡ ፋወዘ፡ ታወነ
በዘ,ስለ፡ከም
እምዘ,ከም፡ ካብ
እንዘ,ኪ፡ ከ፡ እና፡ ከምዚ
H,ናይ፡ ኬ፡ ናብ፡ ቅጽል፡ ክንዲ ስም
ዘዘ,እና
ለሀየ,ተጻወተ
ለቀየ,ፈትሐ፡ ከፈተ፡ ለጐመ
ለበየ,ተጋገየ፡ ተደናገረ
ለወየ,ለወየ፡ ጠወየ፡ ጠምዘዘ
ለወየ,ጠቕለለ፡ ጠምጠመ
ለወየ,ተጋገየ
ለዘየ,ለዘየ
ለፈየ,ፈለየ፡ ተጋገየ
ላኰየ,ተኸራኸረ፡ ተበኣሰ
ላኰየ,ጠንቈለ
ላጸየ,ተጸየ
ሌለየ,ፈለየ
ልህየ,ጸበቐ፡ መጨወ
ሐለየ,ሓሰበ፡ ኣውፅኣ፡ ኣውረደ (ሕሊና)
ኀለየ,ዘመረ፡ ዘፈነ፡ ሳዕስዐ (ማኅሌት)
ሐመየ,ሓመየ
ሐመየ(ንባቡኣጥብቕ),ኣሰረ
ሐሰየ,ሓሰየ
ኀረየ,ኃረየ፡ መረጸ
ሐቀየ,ኣፋጸየ፡ ኣቕረበ፡ ሓርቀምቀመ
ሐቅየ,ቈርጠመ
ሐበየ,ኣውሓሰ፡ ሓለወ
ሐብለየ,ገዝበዘ
ሐብለየ,ተጠራጠረ፡ ሓሰወ
ሐከየ,ተሃከየ፡ ደኸመ፡ ከፍአ
ሐወየ,መሰየ፡ ኣጋ ጊዜ ኮነ
ሐውለየ,ኣላገጸ፡ ኣቃለለ
ሐውለየ,ተጠራጠረ
ሐይደነየ,ዓበደ
ሐደየ,መሸኸ፡ ተፈላለየ
ሐደየ,ጠሓነ
ሐገየ,ሓገየ
ሐጸየ,ሓጸየ
መለየ,መሸኸ፡ ፈለየ
መለየ,ቐደደ፡ ቈረጸ፡ ከፈለ
መሠነየ,ከፈለ፡ ቈረጸ
መስከየ,ገደመ (ገዳም)፡ ኣጸግዐ
መስየ,መሰየ
መኰየ,ከሰሰ
መኰየ,ተመኻኸተ፡ ተወራረደ
ሜመየ,መመየ፡ ፈለየ
ሠረየ,ፈወሰ፡ ሓከመ
ሠቀየ,መስኖ ኣስተየ
ሠነየ,ጸበቐ፡ ሠነየ፡ መልክዐ
ረመየ,ወግአ
ረሰየ,ገበረ
ረቀየ,ነጸገ
ረቀየ,ኣስማት ገበረ (ጥንቈላ)
ረዐየ,ሓለወ
ረወየ,ረወየ፡ ጸገበ
ረደየ,ብሓረጣ ኣለቅሐ
ረደየ,ከፈለ፡ ኣኻዕበተ
ርኅየ,ሸተተ
ርእየ,ረኣየ፡ ጠመተ
ሰሐየ,ቈሰለ፡ ጐድአ
ሰሐየ,ደረቐ
ሰመየ,ሰመየ፡ ስም ኣውፅአ
ሰረየ,ይቕረ በለ
ሰትየ,ሰተየ
ሰነየ,ክልተ ገበረ
ሰከየ,ኸሰሰ፡ ተሰብረ
ሰከየ,ኣጻልኣ
ሰከየ,ደወል ኣህረመ
ሰወየ,ሰወተ
ሰዘየ,ፈለየ
ሰደየ,ለዘበ፡ ጥዑም ተዛረበ
ሰጠየ,ኣጣቘሰ
ሰጠየ,ሸከረ፡ ሰተየ፡ ዘመወ
ሰፈየ,ሰፈየ፡ ሸቀጠ
ሳቀየ,መከራ አጽገበ፡ ሳቐየ
ሳኰየ,ለክዐ፡ ኮብለለ፡ ዘወረ
ሳኰየ,ዞረ፡ ተቕበዝበዘ
ሴሰየ,መገበ፡ ሳሰየ
ሴረየ,ሕብሪ ለኸየ
ሴረየ,ጠለቐ፡ ኣለኸ፡ ሰበነ
ሴረየ,ኣርስሐ፡ ኣርከሰ
ሴረየ,ብደም ሰበነ
ሴዘየ,ፈለየ
ስህየ,ሓሰየ
ስዕየ,ፈለየ
ቀለየ,ዓሚቚ፡ ቀላይ ኮነ
ቀለየ,ነቐፈ፡ ተዓዘበ
ቀለየ,ዘለፈ፡ ፈረደ
ቀለየ,ተጠራጠረ፡ ተወላወለ
ቀነየ,ገዝአ
ቀጸየ,ቐጸየ
ቃነየ,ቃነየ
ቄቀየ,ነፈገ፡ በቐቐ፡ ቃቐረ፡ ቃቐየ
በልየ,በለየ፡ ኣረገ
በርሀ,ደረቐ
በከየ,በኸየ
በደየ,በዱ ኾነ፡ ባደመ
ቤበየ,ተቕበዝበዘ
ተሐልየ,ብላዕ ተቐበለ፡ መማለዲ በልዐ
ተሐልየ,ትሕጃ ተቐበለ
ተሐመየ,ሓሙ ኾነ
ተሐሥየ,ባህ በሎ፡ ተሓጐሰ
ተሐበየ,ተዋሕሰ
ተሐበየ,ሸለል በለ
-ተሀድየ,መሸኸ፡ ተፈላለየ
ተለሐየ,ተመላለሰ፡ ሳዕስዐ
ተላኰየ,ተከራኸረ፡ ተጻልአ
ተላወየ,ተጠቕለለ
ተልወ,ተኣመነ
ተልወ,ተጠምጠመ
ተመረየ/ተማረየ,ኣማረተ፡ ጠንቈለ
ተመነየ,ተመነየ፡ ሃረፈ
1. ተመኵሰየ,መዅሲ ኾነ
""" ተማዕለየ",ኰብኰበ፡ ጐስጐሰ
""" ተማዕለየ",ከፍአ
ተማዕለየ,ሸፈተ
ተማዕለየ,ውዲት፡ ሻራ ገበረ
ተሠዐየ,ተነፍሐ
ተሰአየ,ተሰፍየ
-ተሰካተየ,ተመሓሓለ፡ ተወዓዓለ
ተሠዝየ,ተፈልየ
ተሰጥየ,ተሸበረ፡ ተዋደደ፡ ተዘርግሐ፡ ተተናኸፈ
ተረሰየ,ተገብረ፡ ተሰለመ፡ ተጐናጸፈ
ተረዐየ,ተዋፈ፡ ተጓሰየ
ተረድየ,ሓረጣ ተቐበለ
ተርእየ,ተራእየ
ተርዕየ,ተጓሰየ፡ ተሓለወ
ተቀብየ,በርትዐ፡ ዕጽፊ ኾነ
ተቀብየ,ተዳለወ፡ ተሰናድአ
ተቈናደየ,ተተፋነነ፡ ተዛለለ
ተቈናድየ,ሸምጠጠ፡ ተሸማጠጠ
ተባረየ,ተባረየ፡ ተኃላለፈ
ተነሐየ,ኣገልገለ
ተነሐየ,ተናዘዘ፡ ገለጸ
ተነበየ,ተነበየ (ትንቢት ተዛረበ)
ተናሕሰየ,ተዋረደ
ተናሰየ,ተቐጥቀጠ
ተንሐየ,ኣቃለለ
ተኣርወየ,ኣራዊት ኮነ
ተዐበየ,ተዓበየ፡ ኰርዐ
ተኣከየ,ከፍአ (እኩይ ኮነ)
ተኣውረየ,ተቘጥዐ
ተወነየተዋነየ,ተዋነየ፡ ተጻወተ
ተወፈየ,ተወፈየ፡ ተቐበለ
ተዘጋደየ,ተዘጋደየ፡ ተሰናድአ
ተጋነየ,ተለማመነ፡ ኣሥመረ
ተጋነየ,ለመነ፡ ተመሻኸነ
ተጋነየ,ብቕብጥሮት ተዛረበ
ተጋነየ,ባህ ኣበለ፡ ተገዝአ
ተጋነየ,ተመልሰ
ተጐርአየ,ተሐንቀ
ተጐናደየ,ተዳናጐየ፡ ደንጐየ
ተጠርየ,ተጠርየ፡ ተገዝአ
ተጠዋቀየ,ተጨናነቐ
ተጠውየ,ተጨናነቐ፡ ተጠዋወየ
ተጸምሐየየ,ጸምለወ፡ ቀምሰለ
ተጸብለየ,ደሮና ለበሰ፡ ደሮና መልኦ
ተጻሕየየ,ተገልጸ፡ ተረኣኣየ፡ ተጻህየ
ተፈየ,ጸሓፈ
ተፈየ,ተኣመነ
ነሰየ,ቐጥቀጠ
ነከየ,ተንከፈ፡ ነኽኣ፡ ጐድአ
ነከየ,ነከየ፡ ከፊሉ ሃበ
ነድየ,ነደየ፡ ድኻ ኾነ፡ ተሸገረ
ነጸየ,ነጸየ፡ መለጠ
ነፈየ,ነፈየ
ናሕሰየ,ኣናሕሰየ፡ ኣኅለፈ
ንህየ,ዓረፈ
ንህየ,በጽሐ
ኣህለየ,መማለዲ ሃበ፡ ብላዕ ሃበ
አህበየ,ሓለወ
ኣህከየ,ኣሃከየ፡ ኣድከመ፡ ኣሰልከየ
አህየየ,ኣፍዘዘ
አህየየ,ሸለል በለ
አለየ,ኣለየ፡ ቀለሰ
አለየ,ጠመመ፡ ሸምቀቐ
አሌለየ,ኣንግሀ
አልሀየ,ኣረጋግአ፡ ኣጸናንዐ
አልሀየ,ኣጻወተ
አልበየ,ኣጥፍአ
ኣመክነየ,ኣመኽነየ
ኣመየ,ፈጸመ
ኣማዕለየ,ከድዐ፡ ገበነኛ ገበረ
ኣማዕረየ,ኣማዕረየ፡ ኣተኻኸለ
ኣማዕረየ,አማረተ
አማዕረየ,መረጸ፡ ኣዐረየ፡ ሓለወ
ኣሜረየ,መርዓ ገበረ
ኣምረየ,ኣጠንቈለ
አስሐየ,ኣቚሰለ፡ ጐድኣ
አሠነየ,ኣጸበቐ፡ ኣመልክዐ
ኣሰየ,ሃበ፡ መጠወ
ኣስተለበየ,ኣጋገየ
አስተላበየ,ኣጥፍአ፡ ኣበላሸወ
ኣስተሣነየ,ኣጸበቐ፡ ኣሠነየ፡ ኣመልክዐ
አስተርአየ,ተራእየ፡ ኣርኣየ
አስተባረየ,ኣፈራረቐ፡ ኣበራረየ
አስተዐረየ,ኣስተኻኸለ፡ ኣመዓራረየ
ኣስተአከየ,ኣካፍአ፡ ነዓቐ፡ ጸረፈ
ዐረየ,ዓረየ፡ ማዕረ ኾነ
አርሰየ,ኣጸግዐ፡ መልሕቕ፡ ደርበየ
አርአየ,ኣርኣየ
አርየ,ኣረየ፡ ለቐመ
አቃረየ,ሠውአ
አቅለለየ,ኣለዛዘበ፡ ኣሰማምዐ
አቅሌለየ,ኣቀያይሐ
አቅሌለየ,መርመረ
አቅዜዘየ,ቅዝዝ በለ፡ ሃጐጐ (ንሳዕሪ
ኣበየ,እምቢ በለ
ዐበየ,ኰርዐ፡ ተዓበየ
ዐብየ,ልዕል ልዕል በለ፡ ዓበየ
አብደየ,ኣሕጐለ፡ ኣጥፍአ
አናሕሰየ,ኣናሕሰየ
አናሕሰየ,ኣሕለፈ፡ መሓረ
አንቤበየ/አንጌገየ,ተቕበዝበዘ
ኣንጠየ,ነዝነዘ፡ ኣሸገረ፡ ላሕ ኣበለ
አአርወየ,ኣራዊት ገበረ
አኤረየ,ኣጠንቈለ
አኤየ,ተመልሰ
አወፈየ,ኣወፈየ፡ ሃበ
አውቀየ,ቘራረጸ
አውቀየ,ጠምዘዘ
አውዐየ,ኣውዓየ፡ ኣንደደ
አየየ,ዘወረ
አየየ,መሰለ (ብሥራሕ)
አደየ,ዓደየ፡ ኸፈለ
አጠየ,ላሕ ኣበለ
ኣጸየ,ሸተተ፡ ጨነወ፡ ሓሸኸ
አፈየ,በሰለ
አፈየ,ሰብሐ
ከረየ,ኰዓተ፡ ባረወ
ከረየ,ነፍሐ
ኰሰየ,ፈለየ፡ ኸፈለ፡ ኣቃለለ
ወለቀየ,ኸፈለ
ወቀየ,ቈረጸ
ወቀየ,ኣጸናንዐ
ወቀየ,ገዘረ፡ ከንሸበ
ወደየ,ወሸከ፡ ኣእተወ፡ ወደየ
ወሀየ,በጽሐ
ዋነየ,ሓምበሰ
ዋከየ,በርሀ
ውዕየ,ወዓየ፡ ነደደ
ዘረየ,ዘርአ
ዘርከየ,ጸረፈ
ዘበየ,ገዝአ
ዘነየ,ሰሓተ (ናይ ፍትወት ምስሓት)
ደሐየ,ጠሓነ
ደኀየ,ኰዓተ
ደኀየ,ኣጥለቐ
ደርበየ,ደርበየ፡ ሰንደወ
ደርበየ,ወግአ
ደበየ,ደበየ፡ ኣድበየ
ደበየ,ዘረፈ፡ በርበረ
ደበየ,ጐተተ፡ ፍግም ኣበለ
ደበየ,ከበበ
ደወየ,ደወየ፡ ሓመመ
ዳነየ,ዳነየ
ገለየ,ቘረጸ፡ ቐንጠሰ
ገለየ,ፈለየ
ገለየ,ገለጸ
ገነየ,ገዝአ
ገነየ,ኣመስገነ
ገነየ,ኣመነ
ገነየ,ለመነ
ጌገየ,ተጋገየ፡ በደለ
ጐርዐየ,ሓነቐ
ጐርዐየ,ሓረደ
ጐንደየ,ደንጐየ
ጐየ,ሃደመ፡ ጐየየ
ጐጠየ,ጐጠየ
ጒሕየ,ጐሃየ፡ ኃዘነ፡ ተጣዕሰ
ጠመየ,ቈረጸ
ጠሰየ,ደምሰሰ
ጠሰየ,ኣጥፍአ
ጠነየ,ጠለቐ፡ ጠሓለ
ጠነየ,ኣለኸ
ጠወየ,ጠወየ
ጠውቀየ,ጸበበ፡ ጨነቐ
ጠውየ,ጨነቐ
ጥዕየ,ጠዓየ
ጻሕየየ,ጻህየየ
ጸለየ,ለመነ፡ ጸለየ
ጸማህየየ/ጸምሐየ,ጸምለወ፡ ቀምሰለ
ጸርየ,ጸረየ
ጸበየ,ሓምበሰ
ጸበየ,ፈሰሰ
ጸብለየ,ዶሮና፡ ዕሻሽ ኮነ
ጸደየ,ጽድያ ኾነ
ጸገየ,ዓምበበ፡ ጸገየ
ጸግየ,ተጸግዐ
ጸሐየየ,ጻህየየ
ጸሐየየ,ብመስትያት ረኣየ
ጼጸየ,ኣልፍዐ
ጽሕየ,ጽሕየ፡ በርሀ
ፈለየ,ፈለየ
ፈረየ,ፈረየ
ፈደየ,ፈደየ፡ ኸፈለ
ፈጸየ,ፋጸየ
ህየ,ኣብኡ
ዝየ,ኣብዚ
ሐለደ,ከተተ፡ ፈጸመ፡ ጠረሰ፡ ወድአ፡ ተደባለቐ
ሐመደ,ፍሕሹው ኮነ
ሐመደ,ሓመደ
ሐምደ,ሓዊ ኣጥፍኣ፡ ጠፍአ
ሐረደ,ሓረደ
ሐርበደ,ራዕራዕ በለ
ሀየደ,ኣንጸባረቐ
ሐደደ,ጠሓነ
ሄደ,ዓመጸ
ለመደ,ለመደ
ለቀደ,ኣላገጸ
ለቀደ,ተመጻደቐ፡ ሓጨጨ
ልሕደ,ኣጋየጸ፡ ተመቸዎ
መሠደ,ሸመተ
መሰደ,ጸሓረ
መረደ,ገሥገሠ (ንሕማቕ)
መርደደ,ደፈረ፡ ደፈነ
መዐደ,መዓደ፡ መከረ
ሰደደ,ሰደደ፡ ኣባረረ፡ ኣሳደደ
ሰገደ,ሰገደ፡ ተምበርከኸ
ረፈደ,ረፈደ
ርዕደ,ረዓደ፡ተንቀጥቀጠ
ሮደ,ከበበ (ንሕማቕ)
ቀልደደ,ኣላተመ፡ ሃረመ፡ ለክዐ
በርደደ,ቐበረ፡ ደፈነ
በርደደ,ደርደረ፡ ኮመረ
በዐደ,ፈለየ፡ ጓና ኾነ
በድበደ,ጨነወ፡ ሓመመ፡ በድበደ
ተሐለደ,ተሸመ፡ ተወድአ
ተሐመደ,ሓመድ ኮነ
ተሐምደ,ነደደ፡ ሓመድ ኮነ
ተሀየደ,ተዓማመጸ፡ ተዓመጸ
ተሀይደ,ተመነዛዝዐ፡ተመንዝዐ
ተንህደ,ፈረሰ
ተአንገደ,ተኣንገደ
ተካየደ,ተመሓሓለ፡ ተወዓዓለ
ተዋሐደ,ተዋሓደ፡ ሓደ ኾነ
ተዋረደ,ተዋረደ
ተዋረደ,ሓሰረ
ተዘምደ,ተዛመደ
ተየሀደ,ኣይሁድ ኮነ
ተይህደ,ተኣመነ
ተጸምደ,ተጸምደ፡ ኣገልገለ
ነደ፡ ነደደ,ነደደ
ነአደ,ነኣደ፡ ኣመስገነ፡ ወደሰ
ነገደ,ነገደ፡ ኸደ፡ ገሸ
ንእደ,ኣኽበረ
ንእደ,ጸበቐ፡ መልክዐ
አሐደ,ሓደ ኾነ
አለደ,ኮመረ፡ ኣከበ
አመደ,ፈጠረ፡ ሠርሐ፡ ቈረጸ
አስተበዐደ,ኣፈላለየ
አስተዐበደ,ኣቃለለ
አስተናገደ,ጋሻ ተቐበለ
አስተዋሐደ,ኣሰማምዐ፡ ኣወሓሓደ
አስተጋየደ,ጋለበ፡ ኣሳገረ፡ ኣቀዳደመ
አርመደ,ደፍደፈ (ንበርበረ)
አረምደደ,ጸረፈ
አቀደ,ኣሰረ
አብደ,ሰነፈ
ዐብደ,ዓበደ፡ ተጸለለ
አንደደ,ኣንደደ
አንጐድጐደ,ኣንጐድጐደ
አዕደደ,ኣሳደደ፡ ኣሳጐጐ
ኣኬደ,ኣኼደ
ዐውደ,ኣዋጅ ነገረ
አውደደ,ኣሰማምዐ፡ ኣሰናድአ
ዐደደ,ሃደመ
አግሀደ,ኣግሃደ፡ ገለጸ
ዐፀደ,ዓፀደ፡ ቦታ ገበረ
የደ,ዖደ፡ ዞረ፡ ዑደት ገበረ
ከብደ,ከበደ፡ ጸንዐ፡ ረዘነ
ከየደ,ረገጸ
ኬደ,ዓመጸ፡ ረገጸ
ክሕደ,ከሓደ
ኰርኰደ,ሓቘፈ
ወለደ,ወለደ
ወለደ,መረጸ፡ ኃረየ
ወሰደ,ወሰደ
ወረደ,ወረደ
ወደደ,መሥረተ፡ ኣዋደደ
ውኅደ,ወኃደ
ገለደ,ተዓጥቀ፡ ኣጌጸ
ገለደ,ኣንጸፈ፡ ጐዝጐዘ
ገመደ,ቈረጸ
ገድገደ,ገድገደ
ጋየደ,ፈጠነ፡ ጋለበ
ጐነደ,ጐነደ፡ ረጐደ
ጐድጐደ,ኳሕኵሐ
ጐድጐደ,ኣጣቕዐ
ጰሰደ,ጠንሰሰ፡ ጠጅአ
ጸሐደ,ለጐመ
ጸመደ,ጸመደ
ጽሕደ,ተሰማምዐ፡ ረሰነ
ፈረደ,ፈረደ
ፈቀደ,ፈቐደ፡ ቘጸረ
ፈቀደ,ፈተወ፡ ደለየ
ፈድፈደ,በዝኀ
ሐመገ,ዘረገ
ኀደገ,ኃደገ፡ ገደፈ፡ ደርበየ፡ ቀጽዐ፡ ጸሓፈ
ሐገገ,ሓገገ፡ ደንገገ፡ ሕጊ ሥርዓት
ለገገ,ለዘየ
መለገ,ከኣለ፡ ተዓገሠ፡ ምልግልግ በለ
መረገ,መረገ
መዘገ,መንዝዐ፡ መንጠለ
ሰንጐጐ,ሠርሐ፡ ኰልዐ (ንሓጺን)
በግበገ,ሓመመ
ተኣውገ,ነፈጸ፡ ፊዕ በለ
ተኣውገ,ሸለል በለ
ተኣውገ,ሸምጠጠ፡ ሰሓቐ፡ ተሳለቐ
ተዘወገ፡ ተዛወገ,ተገደሰ፡ ተመላለሰ
ተዘውገ,በዓል ደረባ ኾነ፡ ተሓለቐ
ተዘውገ,ተደረበ
ተዛወገ,ሓደ ኾነ፡ ወገን ኮነ
ተደረገ,ተራኸበ
ተደረገ,ተገብረ፡ ገበረ
ተደለገ,ተመካከተ
ተደለገ,ተወራወረ
ተጸወገ,ተጸወገ፡ ከፍአ
ተጸወገ,ተጸየፈ፡ ጸየነ
ነኀገ,ኣዋፈረ (ንእንስሳ)
ነሰገ,ሸጐረ፡ ዓፀወ
ነትገ,ጐደለ
ነፈገ,ነፈገ
አለገ,ሰለበ (ቈረጸ)
- አረገ,ኣረገ፡ ዓበየ (ሸምገለ)
ዐርገ,ዓረገ፡ ወፅአ፡ ደየበ
አነገ,ኣሰረ (ንስልማት)
አንጎገ,ኰብኰበ
አንገለገ,ተኣከበ
አዕረገ,ኣዕረገ፡ ኣውፅአ
እየገ,ተዓቚረ (ንማይ)
አድረገ,ገበረ፡ ኣጋጠመ
አድረገ,ኣተኃኃዘ፡ ኣድረገ
አጥመገ,ኣሥመረ
ወተገ,ዓመጸ
ወተገ,ተኃብአ፡ ሃደመ
ዘንጐጐ,ተላገጸ፡ ተሣለቐ፡ ኣባጨወ
ዘንጐጐ,ሸምጠጠ
ደለገ,ተደፋፈረ
ጸለገ,ተሓናሓነ፡ ኣንጸብረቐ
ደረገ,ኃበረ
ደንገገ,ደንገገ
ደግደገ,ዓበረ
ደግደገ,ኣንግሀ
ጸረገ,ሃበ፡ ቈረሰ
ጸንጐጐ,ወሰን ሜዳ ኣውፅአ
ፆገ,ኣዝዩ ኸፍአ
ፈለገ,ኣውኃዘ
ፈለገ,ፈልፈለ፡ ቀረጸ፡ ኣጸበቐ
ፈርገገ,ቀጸረ
ፈገገ,ሸተተ፡ ጨነወ
ለበጠ,ለበጠ፡ ኰልዐ
ሐበጠሐብጠ,ሓበጠ
ሐነጠ,ቀብአ
ሐንፈጠ,ሓተመ፡ ቀረጸ
ሐንፈጠ,ሓንፈጠ፡ ነጸየ
ሐፈጠ,ኣጸለመ፡ ወቀጠ
ሄጠ,ኣታለለ፡ ሓባበለ
መለጠ,መለጠ
መሠጠ,መሠጠ፡ መንዝዐ፡ መንጠለ
ሜጠ,መለሰ
ሠለጠ,ሰለጠ፡ በጽሐ
ሠለጠ,ሠልጠነ፡ ሥልጣን ረኸበ
ሠበጠ,በልዐ፡ ኰለሰ
ሠጠጠ,ቐደደ፡ በጠጥ ኣበለ
ሠጠጠ,መወፀ፡ ፈሓቐ
ሤጠ,ሸጠ
ሦጠ,ወሸከ፡ ለወጠ፡ ሓዋዋሰ
- ሦጠ,ገልበጠ
- ሦጠ,በተነ፡ ዘርግሐ
ሰሐጠ,ሸምጠጠ፡ ጸረፈ
ሰፈጠ,ሸፈጠ፡ ኣጋገየ
ሰፈጠ,ባሕጨረ
ስሕጠ,ተንከየ፡ ተንከፈ (ብነገር)
.ሶወጠ ሶጠ,ገረፈ
ቀሰጠ,ሰረቐ
ቀበጠ,ሓበጠ
ቀበያውበጠ,ቈላመጸ
ቀንጦሰጠ,ተሰለፈ
ቀጠጠ,ቀጠነ
ቀጥቀጠ,ቀጥቀጠ፡ሰበረ
ቈጠጠ,ሰብሐ፡ ረጐደ፡ ቐጠነ
ተሐበጠ,ኰርዐ፡ ብኹርዓት ተነፍሐ
ተመይጠ,ተመልሰ
ተሠውጠ,ተመልሰ
ተሠይጠ,ተሸጠ
ተሣየጠ,ተሻየጠ፡ ገዝአ
ተቀመጠ,ተቐመጠ
ነከጠ,ፈለየ
ናሕፈጠ,ነጸየ፡ ሓንፈጠ
አመምሰጠ,ቀለም ኣስተየ፡ ሰበነ
አማዕቀጠ,ተራ ገበረ
አምሠጠ,ኣምለጠ፡ ኣምሠጠ
አሰጠ,መለሰ
አስበጠ,ኣብልዐ
አስፈጠ,ኣጋገየ፡ ሓባበለ፡ ኣስሓተ
አቊጠጠ,ኣቕጠነ፡ ኣርጐደ
አበጠ,መለሰ፡ ኣገደደ
አንሶጠጠ,ግንብንብ በለ፡ ጸየነ
አንጠጠ,ጸሓረ
ወለጠ,ለወጠ፡ ቀየረ
ወፈጠ,ተኰሰ፡ መሸጠ (ንጸጕሪ)
ውሕጠ,ወሓጠ
ዘበጠ,ዘበጠ፡ ሃረመ
ገበጠ,ሃመመ
ጸበጠ,ጨበጠ፡ ጸንቀቐ፡ ዓተረ
ፅዕጠ,መቀረ፡ ጠዓመ፡ ጸበቐ
ፈለጠ,ፈለየ፡ ፈለጠ፡ መረጸ
ፈሐጠ,ቀንጠወ
ፌጠ,ጐየየ
ሄጰ,ነደፈ፡ ነድሐ፡ ወግአ
ሄጰ,ቈረሰ፡ ወርወረ፡ ደርበየ
ሐርጰጰ,ዓመጸ
ሔልጰጰ,ሓመመ
ሰሐጸ,ተንከፈ፡ ተንከየ
ሰሐጸ,ኣመስገነ
ሰረጰ,ቐደሰ
ሰረጸ,መዓጐ
ሰረጰ,ዓረፈ
ቀለጰ,ጸሓፈ
ቀለጰ,መንጠለ
ቀልጰጰ,ኰመረ
ቀርጰጰ,ነኸሰ ቘርጠመ
ቈለጰ,ኣሠረ
ተሐይጸ,ተነድፈ፡ ተወግአ
ኣንጰጰ,ቍስሊ ሥጋ ሓመመ
አክረጸ,ኣንጽሐ፡ ሓጸበ
ከረጰ,ሓፀበ
ኰረጰ,ሠርሐ
ገነጸ,ሰገባ ገበረ፡ ሰገበ
ጐነጰ,ሰገበ
ሐነፀ,ሠርሐ፡ሓነፀ
ሐወፀ,በጽሐ፡ ኣማዕድዩ ረኣየ
ሐወፀ,በርሀ
ሐፀ,ሃፀፀ፡ ጐደለ፡ ነኣሰ
ሐፀ፡ ሐፀፀ,ቘረጸ፡ ኣሕጸረ
መሐፀ,ቈረጸ፡ ዓየየ
ምሕፀ,ደረፈ፡ ነቐፈ፡ ተንከፈ
ምሕፀ,ዕልቕልቕ በለ
ምሕፀ,ሃደመ
ሞየፀ,መወፀ
ሞፀ,ከሓሰ
ሠረፀ,ወፅአ
ሠረፀ,በቘለ፡ ሠረፀ
ሮየፀ,ወርወረ፡ ወግኣ፡ ኣቝሰለ
ሮፀ,ጐየየ
ለሐጸ,ለሓጸ
ለመጸ,ለመጸ፡ ለማጽ ኮነ
ለመጸ,ለምጺ ኣውፅአ
ለጽለጸ,መዘነ
ለፈጸ,ለወሰ፡ ሓሰየ
ሐረጸ,ሓረጸ፡ ጠሓነ
ኀረጸ,ጸሓፈ
ሐንጸጸ,ኣከበ (ኣብ ዓውዲ)
ሐንፈጸ,ሓሐየ፡ ጐለለ (ብምሔ)
መጐጸ,ዘለፈ
መጸ፡ መጸጸ,በኵዐ፡ መጸጸ
ሰርወጸ,ሰንጠረ፡ ጫለደ
ሰንጸ,ተኾልዐ፡ መስመስ በለ፡ ማሕማሕ በለ
ሥሕጸ,ጸረፈ፡ ተንከፈ
ሥሕጸ,ብኽፉእ ነገር ደፈረ
ሥሕጸ,ጠብሎቕ ጠብሎቕ በለ
ረሀጸ,ረሃጸ
ረመጸ,ረመጽ ኮነ
ረየጸ,በርሀ
ረየጸ,ቐጽዐ፡ ገርሐ፡ ኣግርዐ
ረገጸ,ረገጸ
ርህፀ,ረሃጸ
ርህጸ,ተበሳጨወ
ቀረጸ,ቀምቀመ፡ ቈረጸ
ቀብጸ,ቀበጸ፡ ሰኣነ፡ ረስዐ
ቀብጸ,ተስፋ ቘረጸ
ቀነጸ,ዘለለ፡ ሽኾኸ
ቀጽቀጸ,ቀርጠመ፡ ቅርጥማት ኃዘ
ቀፈጸ,ሓፍረት ገለጸ፡ ቀልዐ፡ ከፈተ
በቈጸ,በቈጸ፡ ኣሽረፈ፡ ሓዊ ጋልሀ
በየጸ,ፈለየ
በየጸ,ፈጸመ፡ ተዛረበ
ቤጸ,ፈለየ
ተልሕፀ,ተላሕፀ፡ ተመልጠ
ተማወፀ,ተካሕሰ
ተረየጸ,ተቐጽዐ፡ ተገርሐ፡ ገርዐ
ተራይጸ,ተገዝአ
ተራገጸ,ተራገጸ፡ ተንፈራፈረ
ተቀብጸ,ተናዕቀ፡ ተረስዐ፡ ተቐብጸ
ተበረፀ,ተዘርዘረ
ተባረጸ,ተብለጭለጨ
ተባረጸ,ኣንጸባረቐ፡ ኣብለጭለ
ተባረጸ,ተበሳጨወ
ተባየጸ,ብጻይ ገበረ
ተአቅጸ,ኀበጠ፡ ተዓንቀፈ
ተዐቅጸ,ኣጐንበሰ፡ ደነነ
ተጋየጸ,ተጋየጸ፡ ኣጋየጸ
ተጋየጸ,ተኸራኸረ፡ ተበኣሰ /ዘዐኣ. ፳፫፥፳፪/
ተፋለጸ,ኣንጸባረቐ፡ ተብለጭለ
ነቅጸ,ደረቐ፡ ነቐጸ
ነፍጸ,ሃደመ፡ ነፈጸ
አሕፀፀ,ኣንኣሰ፡ ኣጒደለ፡ ኣህፀፀ
አልመጸ,ኣልመጸ
ዐመጸ,ዓመጸ
አመጐጸ,ኣዋረደ
አመጐጸ,ተተናኸፈ
ኣስተሐየጸ,ተመልከተ፡ ሓበረ
አስተዳጐጸ,ኣጻልኣ፡ ኣተናኸፈ
አርመጸ,ረመጽ ኮነ፡ ኣንደደ
አቀጸ,ኣሰረ
አቀጸ,ተጨነቐ፡ ኃዘነ
አንፈርዐፀ,ብሓጐስ ዘለለ፡ ፍርፍር በለ
አዕቀጸ,ኣዓንቀፈ
አዕቀጸ,ኣሠረ፡ ተኻትዐ
ኣይበጸ,ኣለቅሐ
አድኀፀ,ኣድሓጸ፡ ሸተት በለ
አድኀፀ,ኣቘልዐ፡ ኣውፅአ
ኣድመጸ,ኣስምዐ፡ ረኸበ
0:00,ዱር ኮነ
ወጽወጸ,ነቕነቐ
ደምፀ,ተሰምዐ
ደረጸ,መንጠለ
ደነፀ,ነፈገ፡ ሰስዐ
ደንገፀ,ደንገጸ
ደጐፀ,ኣንቈረ፡ ወግአ
ደጐፀ,ጕስጢት ሃረመ
ድኅፀ,ኣንደልሃጸ፡ ሸታሕ በለ
ገለጸ,ገለጸ
ገመጸ,ኣዳለወ፡ ፍርዲ ኣዘንበለ፡ ኣቕነነ
ገሠጸ,ገሠጸ፡ ተቈጥዐ፡ ገንሐ፡ መዓደ
ገየጸ,ኣጌጸ
ገየጸ,ጸልአ፡ ገየጸ
ገገጸ,ኣድሓርሓረ፡ ፈርሀ
ገገጸ,ዛረየ፡ ቆመ (ዝናም)
ጐየጸ,ተናጽሐ፡ ጠረጠ፡ ፈወሰ
ፈለጸ,ኸፈለ፡ ፈለጸ
ኀለፈ,ሓለፈ፡ ኸደ
ኀለፈ,ሞተ
ኀለፈ,ሰፍሐ (ስፍሓት ቊስሊ)
ሐረፈ,ቐቐ፡ ስሓወ፡ ሰስዐ
ሐረፈ,ጸየ (ንትምትሞ)
ሐቀፈ,ሓቘፈ
ሐደፈ,መሃረ፡ ኣድኃነ፡ ወልወለ፡ ኣንጽሐ፡ ቀዘፈ（ንመርከብ፡ ንጀልባ)
ለአፈ,ጐለሰ፡ በልዐ
ለከፈ,ተንከፈ፡ ለኸፈ
ለፈ፡ ለፈፈ,ጸሓፈ
መንተፈ,ይሐ፡ ቃቕሐ
መወፈ,ገፈለ
ሰረፈ,ገልዐ፡ ሸረፈ
ሰየፈ,የፈ፡ ቘረጸ
ሰፈፈ,ነፈፈ፡ ተንሳፈፈ፡ ጸብለለ
ሰፈፈ,ገዝኀ፡ ተረፈ፡ መልአ
ረጒነፈ,ጐዝጐዘ፡ ነስነሰ
ቀሠፈ,ገረፈ፡ ሃረመ
ቀሠፈ,ሠፈ፡ ቐተለ
ቀረፈ /ቀደፈ,ተረፈ
ተሓለፈ,ተዘራረበ
ተሓለፈ,ኣጽንዐ
ተለሐፈ,ሕ ኣበለ
ተለሐፈ,ተከዘ፡ ኃዘነ
ተለሐፈ,ተቘርቈረ፡ ጐሃየ
ተልሐፈ,ተፋለጠ፡ ተራኸበ
ተሳተፈ,ሓደ ኾነ፡ ተሳተፈ፡ ተኻፈለ
ተረፈተርፈ,ተረፈ
ተነዝፈ,ተቘጸ፡ ተዘልዓል፡ ተሰልበ
ተዐቅፈ,ተዓንቀፈ
ተኣጽፈ,ተጐናጻፈ፡ ተኸድነ
ተወክፈ,ተቐበለ፡ ተወከፈ
ተወዝፈ,ኣጌጸ፡ ተኸናወነ
ተዛለፈ,ተኸራኸረ፡ ተጻረፈ
ተዛወፈ,ተመክሐ
ነቀፈ,ነቐፈ
ነቀፈ,ፈለየ
ነቀፈ,ቀረፈ፡ ለሓጸ
ንተፈ,ቘረጸ
ንዘፈ,ኣርገፈ፡ ሰልዐ
ንዘፈ,ኣንጸፈ
ነደፈ,ሓንጸጸ (ነደፈ)
ንደፈ,ወግአ
ነገፈ,ነገፈ
ንጠፈ,ለበጠ
ነጠፈ,ኮልዐ
ነጠፈ,ኣጽረየ
ነጸፈ,ኣንጸፈ
ንፍነፈ,ካፈየ (ዝናም)
ኣልፈፈ,ኣዋጅ ኣንገረ
ኣስተኀለፈ,ኣዋጅ ነገረ
ኣስተኀለፈ,ኣመስቀለ፡ ኣመኃላለፈ
ኣስተናደፈ,መሠረት ኣንበረ
ኣስተናደፈ,ኣተኻኸለ
ኣንዘፍዘፈ,ኣንገብገበ፡ ኣምበድበደ፡ ኣሽረፈ
አንገፈ,ኣናገፈ
ኣንጸፈ,ኣንጸፈ
አንጸፍጸፈ,ጥብ ጥብ በለ፡ ዘራሕራሕ በለ (ንፈሳሲ)
አዕረፈ,ኣዕረፈ፡ ሞተ፡ ኣሞተ
አዕቀፈ,ኣዓንቀንፈ፡ ኣሰናከለ
አኮፈ,ኣኾፈ፡ ኣዕቈረ
ኣኮፈ,ኣቐበለ
አውቀፈ,ኣምባር ሠርሐ
አውከፈ,ኣቐበለ፡ ተቐበለ
አዝለፈ,ኣዘውተረ፡ ኣንውኀ
አጠፈ,ዓጸፈ፡ ጠቕለለ
አጥነፈ,ሰለመ፡ ኣጌጸ፡ ጠለፈ
አጸፈ,ሰለመ፡ ከደነ፡ ኣልበሰ
አጽሐፈ,ነገረ፡ ኣጽሓፈ
ዐረፈ,ዓረፈ
ከልተፈ,ሸንከፍ ኣበለ
ወጸፈ,ወንጨፈ
ዘለፈ,ዘለፈ፡ ጸረፈ፡ ገንሐ
ዘርገፈ,ዘርገፈ፡ ኣጸበቐ
ደሐፈ,ጠፍአ
ደፍደፈ,ደፍደፈ፡ ለሰነ
ገሐፈ,ጐሓፈ፡ ጸረገ
ገሐፈ,በተነ
ገለፈ,ገለፈ፡ ቐረጸ
ገለፈ,ጣዖት ሠርሐ፡ ለበጠ
ገረፈ,ኣጻወደ
ገነፈ,ክዳን ሓፀበ
ገዝፈ,ገዘፈ
ገደፈ,ገደፈ፡ ኃደገ
ጸሐፈ,ጸሓፈ፡ ቁጸረ
ጸረፈ,ጸረፈ
ጸየፈ,ዓኽላል ኮነ፡ መንካዕ ኾነ፡ ጸየፈ
ጸድፈ,ጸደፈ፡ ወደቐ፡ ኣንከራረወ
ጸፍጸፈ,ደርደረ፡ ጸፍጸፍ ሠርሐ
ጸፍጸፈ,ንእሽቶ ቤት መሳሊ ሠርሐ
ፈልሰፈ,ፈልሰፈ፡ ብልሓተኛ ኾነ
አፈ,ግዜ
ሄስቀፐ,ሓረሰ
ሰለፐ,ቀብአ፡ ሠርሐ
ሰረፐ,ቀደሰ
ሴልፐ,ዓሌት ኮነ፡ እንዳ ኾነ
ሮፐ,ጸንዐ
ቴረፐ,ኣጻወደ
ቴርፐ,በዝኀ
ቴፐ,ደበበ
ኤስከተፐ,ሓረሰ
ኤፐፐ,ፈተወ
ከተፐ,ጸሓፈ
የትኮተፐ,ሓረሰ
ዴፐ,ደባይ ተቐመጠ፡ ኣድበየ